unique_id,consumption,proxy0,proxy1,proxy2,proxy3,proxy4,characteristic0,characteristic1,characteristic2,characteristic3,characteristic4,weight
0,0,1,6,6,5,1,group0,group1,group0,group0,group0,49
1,0,0,4,6,7,3,group1,group0,group1,group0,group0,97
2,0,4,4,3,0,4,group1,group1,group1,group2,group1,94
3,0,2,5,1,0,1,group1,group0,group0,group3,group0,24
4,0,4,5,5,5,0,group0,group1,group1,group1,group0,60
5,0,1,1,3,7,0,group0,group1,group0,group1,group1,57
6,0,4,5,0,1,6,group0,group2,group0,group0,group0,83
7,0,2,5,5,3,6,group0,group1,group0,group1,group0,74
8,0,5,2,6,0,5,group0,group2,group1,group2,group1,99
9,0,5,6,6,3,5,group0,group3,group0,group1,group0,18
10,0,5,3,5,4,4,group1,group1,group0,group1,group1,37
11,0,7,4,4,4,0,group0,group3,group0,group3,group1,87
12,0,4,0,1,3,1,group0,group0,group1,group2,group1,51
13,0,4,3,4,1,4,group1,group1,group1,group2,group1,40
14,0,6,5,2,2,1,group1,group2,group1,group3,group0,31
15,0,5,6,6,0,0,group0,group3,group1,group1,group0,28
16,0,4,3,6,4,0,group0,group1,group0,group3,group1,18
17,0,6,4,1,0,4,group1,group3,group1,group1,group1,13
18,0,2,0,4,3,3,group0,group0,group1,group0,group1,22
19,0,2,4,0,3,4,group0,group1,group0,group2,group1,14
20,0,3,2,5,1,7,group0,group1,group1,group2,group1,68
21,0,5,4,4,4,6,group1,group1,group1,group3,group0,66
22,0,4,5,6,1,7,group1,group1,group1,group0,group0,57
23,0,3,3,0,4,6,group1,group3,group1,group3,group0,95
24,0,5,4,2,6,0,group1,group1,group0,group1,group0,11
25,0,3,1,2,1,2,group1,group0,group1,group2,group1,60
26,0,2,2,2,3,6,group0,group1,group0,group2,group0,36
27,0,3,6,5,0,7,group0,group1,group1,group0,group1,28
28,0,2,2,5,0,1,group0,group2,group0,group2,group0,95
29,0,5,6,4,7,2,group1,group1,group0,group1,group0,11
30,0,6,3,5,4,1,group1,group2,group0,group1,group0,19
31,0,2,4,6,7,4,group1,group0,group0,group1,group0,19
32,0,7,8,6,2,6,group1,group3,group1,group0,group0,44
33,0,2,2,5,6,3,group1,group0,group0,group0,group0,28
34,0,3,4,6,5,3,group0,group2,group0,group3,group0,49
35,0,2,5,1,6,4,group1,group2,group1,group0,group1,71
36,0,4,6,2,1,3,group1,group2,group1,group1,group0,64
37,0,5,3,3,2,0,group1,group3,group1,group3,group0,98
38,0,1,3,2,3,7,group1,group0,group1,group0,group0,32
39,0,3,7,3,2,5,group1,group3,group0,group0,group0,40
40,0,4,6,6,0,8,group1,group3,group0,group2,group0,30
41,0,0,0,3,3,1,group1,group0,group1,group2,group1,95
42,0,5,4,0,1,7,group1,group3,group0,group0,group0,95
43,0,1,2,5,4,6,group1,group0,group1,group0,group0,73
44,0,3,7,0,3,7,group0,group2,group0,group3,group1,23
45,0,4,3,5,2,4,group0,group3,group0,group2,group0,98
46,0,4,4,0,5,1,group0,group0,group0,group1,group0,87
47,0,3,2,5,2,4,group1,group1,group0,group2,group1,11
48,0,4,4,6,3,2,group0,group1,group1,group1,group1,49
49,0,2,5,2,1,0,group1,group2,group0,group1,group1,87
50,0,5,4,4,7,8,group1,group2,group1,group2,group0,96
51,0,2,5,0,5,3,group1,group2,group1,group3,group1,71
52,0,4,7,6,0,2,group0,group2,group1,group1,group0,39
53,0,2,1,6,0,6,group1,group0,group0,group3,group1,74
54,0,3,4,3,1,8,group0,group3,group1,group0,group0,76
55,0,6,2,4,5,0,group0,group2,group0,group3,group0,39
56,0,3,1,1,1,0,group0,group1,group1,group2,group1,91
57,0,0,1,5,3,0,group1,group0,group1,group3,group0,35
58,0,2,1,4,2,7,group0,group0,group1,group3,group1,20
59,0,7,7,1,7,7,group0,group3,group1,group2,group0,22
60,0,1,3,6,6,4,group1,group0,group1,group3,group0,16
61,0,6,4,2,0,3,group0,group3,group1,group0,group1,90
62,0,2,3,2,4,2,group1,group2,group1,group3,group0,29
63,0,3,3,2,2,1,group1,group1,group0,group0,group1,83
64,0,4,4,0,4,5,group0,group3,group1,group1,group0,16
65,0,5,1,3,2,8,group1,group1,group1,group2,group1,78
66,0,1,2,5,3,7,group0,group1,group0,group0,group0,39
67,0,2,6,3,4,6,group1,group1,group1,group3,group0,79
68,0,2,2,6,5,4,group1,group1,group1,group1,group0,39
69,0,4,4,5,4,5,group1,group3,group1,group2,group1,23
70,0,3,5,5,3,4,group1,group1,group0,group0,group1,16
71,0,7,4,0,3,4,group1,group3,group1,group1,group1,50
72,0,4,3,1,1,8,group1,group2,group1,group3,group1,72
73,0,3,3,3,0,4,group1,group0,group0,group3,group1,15
74,0,5,5,0,4,7,group1,group1,group1,group3,group1,46
75,0,5,7,0,6,4,group1,group3,group0,group3,group0,84
76,0,2,5,0,5,1,group1,group2,group1,group1,group0,80
77,0,3,2,2,6,3,group0,group1,group0,group1,group1,80
78,0,4,4,2,6,5,group0,group1,group1,group3,group1,35
79,0,5,4,5,3,1,group0,group2,group0,group3,group1,27
80,0,1,2,2,4,4,group1,group1,group1,group2,group0,49
81,0,3,6,0,0,1,group0,group3,group0,group2,group1,48
82,0,5,3,2,4,1,group0,group2,group0,group0,group1,71
83,0,3,4,0,6,1,group1,group0,group0,group2,group0,61
84,0,1,1,0,5,5,group1,group1,group1,group3,group1,65
85,0,2,2,5,6,7,group1,group2,group0,group3,group0,35
86,0,2,1,5,6,2,group0,group0,group1,group0,group1,15
87,0,6,5,4,5,2,group0,group3,group1,group0,group1,57
88,0,4,8,1,7,1,group0,group3,group1,group0,group0,31
89,0,4,7,6,1,7,group1,group2,group0,group3,group1,40
90,0,4,6,5,6,2,group1,group1,group0,group0,group1,28
91,0,5,5,2,4,6,group0,group1,group1,group3,group0,90
92,0,3,0,3,3,1,group0,group0,group0,group1,group0,31
93,0,3,4,4,4,3,group0,group0,group1,group3,group0,75
94,0,1,5,1,6,5,group0,group0,group1,group3,group0,76
95,0,6,7,5,1,7,group0,group2,group1,group1,group0,72
96,0,5,5,2,1,5,group0,group3,group1,group0,group0,58
97,0,3,5,0,3,7,group0,group0,group0,group3,group0,21
98,0,0,1,3,3,7,group0,group0,group1,group2,group0,51
99,0,1,5,4,2,2,group1,group1,group0,group3,group1,55
100,0,5,5,3,0,6,group0,group3,group0,group0,group0,12
101,0,5,4,6,6,0,group1,group1,group0,group2,group0,92
102,0,7,6,4,1,2,group1,group3,group1,group2,group0,14
103,0,5,3,2,2,7,group1,group2,group1,group1,group0,49
104,0,4,5,5,2,1,group1,group2,group0,group3,group1,58
105,0,3,6,6,0,6,group1,group2,group1,group2,group1,84
106,0,2,2,4,6,5,group1,group1,group0,group3,group0,27
107,0,3,5,6,7,6,group1,group2,group0,group1,group1,72
108,0,4,4,5,1,0,group0,group2,group1,group0,group1,58
109,0,4,3,6,5,0,group0,group3,group0,group3,group1,28
110,0,5,7,0,5,4,group1,group2,group0,group3,group0,78
111,0,3,4,1,2,8,group1,group3,group0,group3,group1,20
112,0,1,0,3,4,1,group1,group0,group1,group0,group0,75
113,0,0,1,5,0,5,group0,group0,group0,group3,group0,94
114,0,6,7,2,2,8,group0,group2,group0,group3,group1,25
115,0,6,3,5,4,3,group0,group3,group0,group3,group1,69
116,0,3,5,1,3,1,group1,group2,group0,group1,group0,87
117,0,6,4,5,5,1,group1,group3,group0,group0,group0,43
118,0,2,7,1,5,6,group1,group2,group0,group0,group0,43
119,0,3,4,2,0,0,group0,group3,group1,group3,group1,73
120,0,5,3,4,5,5,group0,group2,group0,group3,group0,39
121,0,4,5,6,6,5,group1,group2,group0,group2,group1,93
122,0,5,8,3,3,5,group0,group3,group1,group1,group1,97
123,0,3,3,5,3,6,group0,group1,group1,group0,group0,69
124,0,2,4,3,3,8,group1,group1,group1,group2,group0,80
125,0,5,3,2,6,1,group0,group2,group0,group1,group1,62
126,0,5,5,1,4,8,group1,group1,group1,group1,group0,14
127,0,6,8,5,0,2,group1,group3,group0,group1,group1,11
128,0,4,3,1,5,4,group1,group3,group0,group2,group1,17
129,0,1,1,6,1,2,group0,group1,group1,group2,group0,46
130,0,3,4,0,2,8,group0,group0,group1,group1,group0,41
131,0,0,3,5,5,0,group0,group0,group0,group2,group0,66
132,0,4,3,4,1,3,group0,group1,group1,group0,group1,42
133,0,1,0,3,7,8,group1,group0,group0,group3,group1,47
134,0,4,5,3,3,7,group1,group1,group1,group2,group1,56
135,0,5,4,0,3,3,group0,group2,group1,group0,group1,42
136,0,1,2,0,6,1,group1,group1,group1,group0,group0,78
137,0,4,3,3,1,6,group0,group3,group0,group0,group0,64
138,0,5,4,4,0,3,group0,group1,group1,group2,group1,74
139,0,3,6,0,1,3,group1,group1,group1,group3,group1,33
140,0,2,2,6,3,1,group0,group1,group1,group2,group1,88
141,0,1,3,2,3,8,group0,group0,group0,group0,group0,14
142,0,2,3,2,3,8,group0,group0,group1,group0,group0,84
143,0,0,4,2,4,3,group1,group0,group0,group0,group1,94
144,0,4,5,3,4,8,group1,group2,group0,group3,group1,52
145,0,3,8,4,5,2,group1,group3,group0,group3,group0,28
146,0,6,6,3,6,6,group1,group2,group0,group3,group1,62
147,0,3,5,6,0,6,group0,group0,group0,group1,group1,12
148,0,2,5,5,0,3,group0,group1,group0,group0,group1,72
149,0,0,4,0,0,6,group0,group0,group0,group2,group0,74
150,0,3,6,6,7,5,group1,group2,group1,group0,group1,45
151,0,6,3,3,6,8,group1,group2,group0,group2,group1,61
152,0,3,2,6,3,5,group1,group1,group1,group1,group0,41
153,0,3,8,0,5,2,group1,group3,group1,group1,group0,60
154,0,4,3,5,4,3,group1,group1,group1,group1,group0,50
155,0,5,4,3,6,6,group1,group2,group0,group0,group0,96
156,0,5,6,6,3,0,group0,group3,group0,group1,group0,79
157,0,5,4,6,1,1,group0,group1,group1,group3,group1,28
158,0,1,2,5,2,3,group0,group1,group1,group1,group0,18
159,0,4,5,1,3,8,group1,group1,group1,group2,group1,47
160,0,1,3,4,1,2,group0,group1,group0,group3,group0,55
161,0,2,7,1,1,8,group1,group2,group0,group2,group0,18
162,0,4,5,5,7,7,group0,group0,group1,group1,group0,84
163,0,2,5,1,1,8,group0,group1,group0,group3,group0,21
164,0,4,4,4,5,7,group1,group1,group0,group0,group1,36
165,0,5,5,0,0,5,group1,group2,group1,group1,group0,14
166,0,5,5,0,6,5,group0,group2,group0,group3,group0,25
167,0,5,7,4,5,1,group1,group2,group0,group3,group1,72
168,0,4,7,1,3,7,group0,group2,group1,group1,group1,77
169,0,5,3,5,5,7,group1,group3,group0,group3,group1,82
170,0,4,2,6,0,0,group1,group0,group0,group3,group1,25
171,0,7,5,5,6,1,group1,group3,group0,group3,group0,79
172,0,4,4,0,0,2,group1,group3,group1,group1,group1,68
173,0,4,2,2,7,8,group0,group0,group1,group1,group1,76
174,0,1,4,2,7,1,group0,group1,group0,group0,group1,46
175,0,4,4,4,0,0,group0,group0,group0,group1,group1,96
176,0,3,3,5,6,1,group1,group3,group1,group0,group0,20
177,0,3,1,3,7,0,group0,group1,group0,group3,group0,18
178,0,5,3,0,3,1,group0,group2,group1,group0,group1,21
179,0,3,6,6,3,2,group0,group2,group1,group0,group1,66
180,0,5,1,4,3,4,group1,group1,group0,group2,group0,47
181,0,5,8,3,4,5,group0,group3,group1,group3,group0,52
182,0,1,6,6,7,6,group0,group1,group1,group0,group1,45
183,0,4,5,1,6,3,group0,group3,group1,group3,group0,21
184,0,0,0,1,2,5,group1,group0,group1,group1,group1,73
185,0,1,1,4,3,8,group0,group0,group0,group3,group1,78
186,0,5,8,5,4,5,group1,group3,group0,group2,group0,25
187,0,6,6,5,0,7,group0,group2,group1,group1,group0,60
188,0,4,5,5,6,8,group0,group0,group1,group3,group1,24
189,0,3,6,1,3,8,group1,group1,group1,group3,group1,39
190,0,1,2,4,6,8,group0,group1,group1,group0,group0,84
191,0,0,2,0,6,3,group1,group0,group1,group1,group1,74
192,0,6,4,0,1,2,group1,group3,group0,group1,group0,20
193,0,2,5,5,1,3,group1,group1,group1,group2,group0,16
194,0,4,5,3,7,0,group1,group3,group0,group0,group0,40
195,0,3,2,4,0,5,group1,group2,group1,group2,group0,44
196,0,4,5,4,3,3,group1,group0,group0,group1,group0,66
197,0,4,7,4,5,7,group1,group3,group1,group0,group0,53
198,0,3,7,3,4,2,group1,group3,group0,group0,group0,50
199,0,6,6,1,3,4,group1,group3,group0,group1,group0,50
200,0,6,5,0,4,7,group1,group2,group1,group3,group0,30
201,0,7,4,2,6,6,group1,group3,group0,group0,group1,73
202,0,2,5,5,6,1,group0,group0,group0,group2,group0,52
203,0,5,5,3,3,7,group0,group3,group1,group1,group1,18
204,0,7,8,5,2,1,group1,group3,group1,group3,group0,77
205,0,3,5,0,3,1,group0,group0,group0,group1,group0,38
206,0,7,3,3,5,5,group1,group3,group1,group2,group1,94
207,0,1,4,0,2,4,group0,group0,group1,group0,group0,69
208,0,4,1,5,2,4,group1,group1,group1,group1,group0,86
209,0,6,7,2,1,5,group1,group2,group1,group1,group1,78
210,0,7,3,6,4,0,group1,group3,group1,group3,group0,67
211,0,4,3,0,0,7,group0,group3,group1,group3,group0,45
212,0,4,3,6,5,0,group0,group2,group1,group3,group1,22
213,0,5,3,3,5,1,group1,group1,group1,group1,group0,41
214,0,5,3,5,0,6,group0,group2,group1,group0,group0,10
215,0,6,7,6,2,0,group1,group3,group1,group0,group1,42
216,0,4,5,1,0,5,group0,group2,group1,group3,group1,42
217,0,3,1,3,7,4,group1,group1,group0,group0,group0,31
218,0,2,4,2,4,3,group0,group0,group1,group0,group1,47
219,0,4,4,4,5,3,group0,group3,group0,group1,group0,80
220,0,5,3,6,1,8,group0,group3,group0,group0,group1,53
221,0,3,5,5,0,0,group0,group0,group0,group0,group0,82
222,0,1,3,5,1,1,group0,group0,group1,group2,group0,47
223,0,0,3,4,1,1,group0,group0,group0,group1,group0,79
224,0,4,3,3,1,2,group0,group0,group1,group3,group0,94
225,0,3,5,6,7,5,group0,group0,group0,group2,group0,42
226,0,3,4,3,4,4,group1,group1,group1,group2,group1,78
227,0,4,2,4,3,8,group0,group2,group0,group2,group1,32
228,0,0,5,2,6,7,group1,group0,group1,group1,group0,94
229,0,6,4,3,5,2,group0,group3,group1,group1,group0,84
230,0,2,2,1,1,7,group1,group1,group0,group2,group1,65
231,0,4,5,1,5,5,group1,group2,group1,group0,group1,14
232,0,5,6,1,0,5,group1,group2,group1,group0,group1,11
233,0,5,7,6,6,0,group0,group3,group0,group3,group0,75
234,0,6,4,2,7,8,group1,group3,group1,group2,group1,33
235,0,4,5,1,2,3,group0,group0,group1,group2,group1,39
236,0,1,4,0,7,4,group1,group1,group0,group0,group1,50
237,0,6,6,4,7,3,group1,group2,group1,group0,group0,64
238,0,7,6,3,6,2,group0,group3,group0,group0,group0,58
239,0,5,8,6,5,3,group0,group3,group0,group1,group0,85
240,0,1,4,2,3,1,group1,group0,group0,group2,group1,41
241,0,5,5,6,7,4,group1,group2,group1,group3,group0,31
242,0,1,1,4,3,0,group0,group0,group0,group3,group0,47
243,0,3,7,4,5,2,group0,group2,group0,group1,group1,58
244,0,3,5,4,3,2,group0,group2,group0,group1,group1,80
245,0,3,5,2,5,1,group0,group2,group0,group3,group1,21
246,0,6,3,3,2,5,group0,group3,group1,group3,group0,21
247,0,1,1,6,0,3,group0,group1,group1,group2,group0,39
248,0,1,2,2,2,7,group0,group1,group1,group0,group0,88
249,0,3,4,4,2,7,group0,group3,group1,group2,group1,31
250,0,3,2,3,3,3,group0,group1,group1,group2,group0,75
251,0,1,2,1,1,5,group1,group1,group1,group1,group0,22
252,0,5,2,2,6,5,group1,group2,group0,group2,group1,96
253,0,0,3,3,3,2,group1,group0,group0,group1,group1,36
254,0,5,5,6,3,8,group1,group2,group1,group0,group0,72
255,0,4,3,0,0,7,group0,group3,group1,group1,group1,89
256,0,5,1,4,1,0,group0,group1,group0,group3,group1,34
257,0,2,3,1,7,1,group0,group1,group1,group3,group0,45
258,0,2,1,5,1,1,group1,group0,group1,group0,group0,93
259,0,1,2,1,5,3,group1,group0,group0,group3,group0,62
260,0,5,7,2,1,0,group1,group3,group1,group3,group1,36
261,0,3,0,0,3,8,group0,group0,group1,group0,group0,96
262,0,1,2,1,7,6,group1,group0,group1,group0,group1,80
263,0,6,7,0,4,2,group0,group3,group1,group3,group1,24
264,0,2,1,6,7,7,group1,group0,group0,group3,group0,82
265,0,7,8,1,3,2,group0,group3,group0,group3,group0,48
266,0,5,3,4,3,8,group1,group2,group1,group0,group1,50
267,0,4,4,6,2,5,group1,group2,group1,group3,group1,10
268,0,6,2,2,4,8,group0,group2,group0,group0,group0,70
269,0,6,2,4,2,0,group0,group2,group1,group2,group0,41
270,0,3,1,0,2,3,group1,group1,group0,group1,group0,98
271,0,4,6,6,5,7,group1,group1,group1,group1,group1,30
272,0,3,6,6,4,1,group1,group1,group0,group0,group0,85
273,0,6,7,2,7,5,group1,group2,group0,group2,group0,44
274,0,5,3,4,2,7,group1,group3,group1,group2,group1,46
275,0,4,5,0,3,8,group0,group2,group0,group1,group0,95
276,0,3,3,6,1,1,group1,group0,group0,group0,group1,59
277,0,5,6,4,0,3,group0,group3,group1,group0,group0,31
278,0,6,5,5,5,6,group0,group3,group0,group2,group1,94
279,0,3,4,0,4,2,group1,group0,group1,group0,group1,65
280,0,3,6,6,2,4,group0,group1,group0,group3,group1,66
281,0,4,5,6,1,8,group0,group1,group0,group0,group0,92
282,0,1,6,4,4,5,group1,group1,group1,group0,group1,29
283,0,5,3,6,4,7,group0,group1,group1,group0,group0,15
284,0,5,6,0,5,3,group0,group3,group1,group3,group1,14
285,0,3,4,0,3,7,group1,group0,group1,group0,group0,79
286,0,3,3,5,3,3,group0,group1,group0,group0,group1,60
287,0,4,3,3,7,0,group0,group3,group0,group1,group0,48
288,0,2,5,6,3,6,group0,group0,group1,group0,group0,92
289,0,2,6,3,3,4,group1,group1,group1,group1,group1,44
290,0,2,1,2,7,1,group1,group0,group0,group1,group0,65
291,0,3,6,5,4,4,group1,group2,group1,group0,group0,57
292,0,5,2,3,4,7,group1,group1,group1,group3,group0,45
293,0,4,3,0,6,1,group0,group1,group0,group2,group0,64
294,0,4,4,1,2,7,group0,group1,group1,group0,group0,37
295,0,4,4,5,0,4,group1,group3,group0,group3,group0,80
296,0,3,5,2,3,7,group0,group3,group0,group3,group0,44
297,0,4,1,6,4,7,group0,group0,group0,group0,group0,15
298,0,5,5,0,6,5,group0,group3,group1,group2,group1,27
299,0,6,6,6,1,3,group0,group3,group0,group2,group1,29
300,0,5,6,1,0,0,group1,group2,group1,group3,group1,92
301,0,4,1,4,5,5,group0,group0,group1,group0,group0,71
302,0,6,5,2,4,6,group1,group3,group0,group1,group1,69
303,0,2,3,5,5,8,group0,group1,group1,group2,group1,88
304,0,4,3,5,5,0,group0,group3,group1,group3,group1,61
305,0,2,3,6,5,3,group1,group2,group1,group3,group1,16
306,0,5,6,4,0,2,group0,group3,group1,group3,group1,98
307,0,1,3,3,5,8,group1,group0,group1,group3,group1,36
308,0,6,5,1,0,3,group1,group2,group0,group2,group1,71
309,0,3,6,2,6,0,group1,group1,group1,group0,group0,22
310,0,5,7,0,7,4,group1,group3,group1,group0,group0,36
311,0,0,3,6,4,1,group0,group0,group1,group0,group1,62
312,0,4,8,1,6,4,group0,group3,group1,group1,group0,46
313,0,4,6,5,6,3,group1,group3,group1,group0,group1,98
314,0,3,4,5,6,7,group1,group3,group1,group2,group0,78
315,0,3,7,4,2,0,group0,group3,group1,group0,group1,37
316,0,5,4,0,7,7,group0,group3,group1,group2,group0,93
317,0,3,0,2,4,6,group1,group0,group0,group2,group0,51
318,0,3,6,5,5,3,group0,group3,group0,group0,group1,59
319,0,5,3,1,4,5,group0,group3,group0,group3,group1,52
320,0,2,6,0,2,5,group0,group2,group0,group0,group0,16
321,0,4,4,0,2,4,group1,group0,group1,group1,group1,81
322,0,3,2,4,3,2,group0,group0,group0,group0,group0,59
323,0,4,3,4,7,6,group0,group1,group1,group2,group0,57
324,0,4,3,0,1,2,group0,group0,group0,group0,group0,84
325,0,3,5,5,0,5,group0,group3,group1,group1,group0,53
326,0,1,3,4,4,1,group1,group0,group1,group0,group0,33
327,0,3,5,1,0,1,group0,group1,group1,group0,group1,90
328,0,4,7,1,5,5,group0,group2,group1,group2,group1,61
329,0,4,6,0,6,2,group1,group2,group1,group3,group1,77
330,0,3,1,3,5,0,group1,group0,group0,group3,group1,25
331,0,0,4,2,0,3,group0,group0,group0,group0,group1,59
332,0,0,2,5,1,3,group0,group0,group1,group0,group1,20
333,0,6,5,6,4,3,group1,group3,group0,group1,group1,45
334,0,4,2,1,5,0,group1,group1,group0,group0,group0,41
335,0,0,5,5,5,5,group1,group0,group1,group3,group1,22
336,0,4,0,0,2,5,group1,group0,group1,group0,group1,18
337,0,0,5,5,5,4,group1,group0,group1,group0,group1,15
338,0,6,4,3,2,5,group1,group3,group0,group3,group0,74
339,0,1,6,1,1,2,group0,group1,group0,group0,group0,55
340,0,5,4,6,1,5,group0,group1,group1,group3,group0,87
341,0,5,2,6,5,6,group0,group1,group0,group1,group1,47
342,0,3,5,1,1,2,group0,group2,group0,group1,group1,86
343,0,3,1,4,2,0,group0,group0,group1,group0,group1,23
344,0,0,2,1,2,3,group1,group0,group1,group0,group0,61
345,0,6,8,5,6,6,group1,group3,group0,group3,group0,49
346,0,1,6,5,0,8,group0,group1,group0,group2,group0,77
347,0,6,6,6,5,5,group0,group2,group1,group0,group0,91
348,0,4,7,4,4,6,group0,group3,group1,group0,group1,36
349,0,4,3,5,6,0,group1,group2,group1,group3,group1,27
350,0,4,6,1,0,0,group0,group3,group1,group3,group0,89
351,0,4,7,2,6,4,group0,group2,group1,group3,group0,59
352,0,3,3,4,3,8,group1,group0,group0,group3,group1,88
353,0,5,2,2,7,7,group1,group1,group0,group0,group1,64
354,0,4,1,5,1,5,group1,group0,group0,group2,group0,45
355,0,2,5,5,5,4,group1,group2,group1,group0,group1,69
356,0,4,3,0,3,2,group1,group2,group0,group3,group1,88
357,0,3,3,1,0,2,group0,group1,group0,group0,group0,82
358,0,2,5,3,7,8,group0,group1,group0,group3,group0,90
359,0,3,6,1,4,3,group0,group3,group0,group0,group1,75
360,0,3,5,6,3,7,group0,group2,group1,group0,group0,47
361,0,2,3,5,2,5,group0,group2,group0,group1,group0,19
362,0,3,1,2,3,0,group1,group0,group1,group3,group0,91
363,0,3,8,5,5,8,group1,group3,group0,group2,group1,10
364,0,1,1,2,7,2,group1,group0,group1,group2,group0,38
365,0,3,6,5,2,1,group1,group3,group1,group0,group1,92
366,0,2,2,1,2,3,group1,group0,group0,group3,group1,50
367,0,6,7,5,0,2,group0,group2,group1,group0,group0,76
368,0,4,6,3,5,5,group0,group1,group0,group3,group1,66
369,0,4,5,3,6,3,group0,group3,group0,group1,group0,81
370,0,4,5,0,6,1,group0,group3,group0,group2,group0,75
371,0,0,2,6,7,8,group0,group0,group0,group0,group0,80
372,0,2,4,1,6,2,group0,group0,group0,group2,group1,56
373,0,5,5,6,6,7,group1,group1,group0,group2,group0,38
374,0,4,2,1,5,8,group0,group0,group1,group0,group1,46
375,0,2,3,5,5,1,group0,group1,group1,group3,group1,33
376,0,3,3,1,7,2,group0,group2,group1,group0,group1,53
377,0,2,5,5,4,0,group1,group0,group0,group2,group1,93
378,0,4,7,6,7,7,group1,group2,group1,group3,group1,26
379,0,6,4,2,5,3,group0,group2,group1,group2,group0,77
380,0,1,3,0,0,6,group0,group0,group0,group2,group1,66
381,0,4,3,1,0,5,group0,group1,group0,group0,group1,76
382,0,2,4,6,1,6,group1,group2,group1,group1,group1,67
383,0,6,6,4,4,5,group0,group3,group0,group3,group0,63
384,0,5,5,2,3,0,group1,group2,group0,group1,group0,55
385,0,3,6,5,6,6,group1,group2,group1,group2,group0,55
386,0,4,3,4,6,6,group1,group0,group0,group0,group0,46
387,0,2,6,2,0,5,group0,group2,group0,group3,group0,50
388,0,5,2,2,2,2,group0,group1,group0,group2,group1,50
389,0,2,4,3,1,1,group0,group2,group0,group0,group0,85
390,0,1,6,0,0,5,group0,group1,group0,group2,group0,25
391,0,5,3,3,4,8,group0,group2,group1,group0,group1,38
392,0,6,7,0,6,8,group1,group2,group1,group3,group0,67
393,0,5,2,0,1,2,group1,group1,group1,group2,group1,60
394,0,3,7,0,0,8,group0,group2,group1,group1,group0,60
395,0,5,3,2,0,1,group1,group3,group0,group3,group1,96
396,0,5,7,5,7,0,group0,group3,group0,group0,group0,33
397,0,3,3,1,2,5,group1,group2,group0,group1,group1,83
398,0,2,6,4,2,5,group1,group2,group1,group0,group1,11
399,0,4,6,1,0,2,group1,group1,group0,group3,group1,16
400,0,4,3,5,3,3,group1,group1,group1,group1,group1,46
401,0,3,1,6,0,6,group1,group0,group1,group2,group1,12
402,0,0,4,3,6,4,group0,group0,group0,group3,group0,34
403,0,2,5,3,5,7,group0,group0,group1,group2,group0,87
404,0,5,1,6,2,2,group0,group1,group1,group1,group0,71
405,0,3,4,2,7,3,group1,group1,group1,group2,group0,12
406,0,4,0,5,7,3,group1,group0,group1,group0,group0,83
407,0,3,2,3,5,8,group1,group2,group1,group2,group1,83
408,0,2,3,4,2,7,group0,group2,group1,group3,group1,61
409,0,6,5,3,1,4,group0,group3,group1,group3,group0,79
410,0,3,2,4,1,6,group1,group2,group0,group1,group1,15
411,0,3,4,2,2,7,group1,group0,group0,group0,group1,81
412,0,0,5,3,5,8,group1,group0,group1,group3,group0,44
413,0,4,0,6,1,8,group0,group0,group1,group3,group0,21
414,0,3,7,6,5,6,group0,group2,group0,group1,group1,88
415,0,0,1,6,5,4,group1,group0,group1,group2,group1,64
416,0,2,5,2,1,3,group0,group0,group0,group3,group0,40
417,0,3,4,0,4,5,group0,group0,group0,group2,group1,19
418,0,0,1,4,0,0,group0,group0,group0,group0,group1,64
419,0,6,3,1,5,3,group1,group3,group1,group2,group1,67
420,0,3,4,3,0,8,group0,group1,group1,group0,group1,41
421,0,6,2,1,2,6,group1,group2,group1,group0,group1,23
422,0,4,3,0,0,8,group1,group3,group1,group3,group1,73
423,0,7,4,4,4,4,group1,group3,group1,group0,group0,79
424,0,5,6,4,1,1,group0,group1,group0,group1,group0,52
425,0,4,6,4,7,1,group1,group3,group1,group1,group0,25
426,0,6,5,3,0,2,group1,group2,group1,group1,group1,68
427,0,3,7,4,4,2,group0,group2,group1,group2,group1,67
428,0,5,5,6,3,8,group1,group3,group0,group0,group1,67
429,0,4,3,3,5,6,group1,group2,group1,group2,group0,70
430,0,3,5,1,5,1,group1,group1,group1,group1,group0,84
431,0,2,1,6,6,4,group1,group1,group1,group0,group1,99
432,0,7,5,5,5,8,group1,group3,group0,group0,group0,70
433,0,0,1,5,5,0,group0,group0,group1,group3,group0,94
434,0,3,3,1,6,6,group1,group2,group0,group3,group0,56
435,0,2,2,1,3,8,group1,group2,group1,group0,group0,26
436,0,2,1,5,4,3,group0,group0,group1,group1,group0,34
437,0,3,5,4,5,3,group0,group2,group0,group3,group0,49
438,0,2,4,6,2,2,group1,group0,group0,group0,group0,44
439,0,1,4,0,6,3,group0,group0,group1,group1,group0,93
440,0,3,6,5,3,4,group1,group2,group1,group1,group0,13
441,0,6,5,4,6,1,group1,group3,group0,group0,group1,40
442,0,2,1,2,1,6,group0,group1,group0,group1,group1,10
443,0,2,1,3,7,6,group0,group0,group0,group0,group1,52
444,0,4,2,3,2,5,group1,group2,group1,group2,group1,28
445,0,3,3,4,0,5,group0,group1,group1,group3,group0,86
446,0,0,5,5,6,7,group0,group0,group0,group1,group1,92
447,0,4,5,3,5,5,group1,group2,group0,group2,group1,57
448,0,4,5,0,4,7,group0,group2,group1,group1,group1,64
449,0,4,2,3,2,2,group1,group2,group1,group3,group0,89
450,0,1,3,1,3,6,group1,group0,group1,group2,group0,98
451,0,1,6,0,5,0,group1,group1,group0,group0,group1,26
452,0,5,6,1,5,4,group0,group3,group1,group1,group1,89
453,0,4,5,2,7,7,group1,group2,group1,group3,group1,83
454,0,4,3,4,0,2,group1,group1,group0,group2,group1,31
455,0,3,3,2,1,4,group1,group1,group0,group0,group0,70
456,0,1,1,3,1,0,group0,group0,group0,group1,group0,59
457,0,0,2,1,4,8,group1,group0,group0,group0,group0,61
458,0,4,2,0,5,1,group0,group0,group1,group1,group1,51
459,0,4,6,4,3,7,group0,group2,group0,group3,group1,46
460,0,0,3,0,1,3,group0,group0,group0,group3,group0,71
461,0,4,0,1,6,1,group1,group0,group0,group2,group0,16
462,0,1,1,3,1,2,group0,group0,group0,group3,group1,59
463,0,2,3,5,2,6,group0,group1,group0,group1,group0,51
464,0,3,4,1,7,4,group1,group0,group0,group0,group0,69
465,0,2,5,5,4,4,group0,group1,group1,group2,group0,66
466,0,5,4,2,6,8,group1,group2,group0,group2,group1,78
467,0,2,2,6,1,8,group1,group2,group1,group0,group1,86
468,0,5,5,5,5,6,group0,group3,group1,group2,group1,10
469,0,1,4,2,5,4,group0,group0,group0,group0,group0,62
470,0,5,1,6,5,4,group0,group1,group0,group2,group0,61
471,0,2,5,1,1,6,group1,group2,group0,group0,group0,27
472,0,3,6,4,2,6,group0,group2,group0,group2,group1,97
473,0,5,3,3,7,8,group0,group3,group1,group2,group1,45
474,0,3,5,4,5,8,group1,group2,group1,group0,group0,88
475,0,5,4,6,2,2,group0,group1,group1,group0,group1,77
476,0,4,3,3,1,6,group1,group3,group0,group2,group1,90
477,0,5,5,2,5,6,group1,group2,group0,group2,group0,39
478,0,4,7,3,3,1,group0,group2,group1,group3,group0,47
479,0,1,5,3,2,0,group0,group0,group1,group2,group1,47
480,0,4,3,4,5,2,group0,group3,group1,group1,group0,96
481,0,6,8,0,4,4,group0,group3,group1,group1,group0,46
482,0,5,4,6,4,0,group0,group2,group0,group3,group1,40
483,0,7,4,0,2,7,group1,group3,group0,group1,group1,15
484,0,6,2,1,2,1,group1,group2,group0,group2,group0,99
485,0,3,3,0,7,4,group0,group3,group1,group0,group1,30
486,0,6,6,0,3,8,group0,group3,group0,group3,group0,61
487,0,4,7,3,3,4,group1,group3,group0,group1,group0,97
488,0,1,3,6,4,8,group0,group1,group1,group2,group1,17
489,0,3,7,0,7,3,group0,group2,group0,group1,group0,85
490,0,2,4,6,6,1,group0,group0,group0,group3,group1,90
491,0,2,6,3,1,8,group1,group2,group1,group0,group0,52
492,0,4,5,6,3,0,group1,group1,group1,group0,group0,18
493,0,1,2,1,7,6,group1,group0,group1,group1,group0,65
494,0,5,5,2,0,8,group1,group1,group1,group0,group0,17
495,0,3,7,1,6,2,group0,group2,group1,group3,group0,10
496,0,0,2,1,2,2,group0,group0,group0,group3,group1,46
497,0,1,3,5,1,0,group0,group0,group1,group2,group0,94
498,0,6,6,3,0,1,group1,group2,group0,group3,group1,42
499,0,5,3,0,2,1,group1,group3,group0,group0,group1,63
500,0,0,4,0,3,5,group1,group0,group0,group2,group0,50
501,0,1,5,3,1,6,group1,group0,group0,group2,group0,44
502,0,4,3,2,7,5,group1,group3,group1,group2,group1,75
503,0,1,3,2,5,3,group1,group1,group1,group0,group1,33
504,0,5,2,2,1,6,group1,group1,group0,group1,group1,92
505,0,3,6,5,6,1,group0,group1,group0,group3,group0,68
506,0,5,4,1,1,1,group0,group3,group0,group1,group1,60
507,0,6,8,4,7,5,group0,group3,group1,group2,group0,18
508,0,5,4,5,4,4,group1,group3,group0,group1,group0,37
509,0,5,4,3,4,7,group1,group1,group1,group1,group0,28
510,0,5,3,5,1,5,group1,group2,group1,group0,group0,77
511,0,2,2,5,0,1,group1,group2,group0,group1,group0,13
512,0,5,5,0,5,5,group1,group3,group1,group2,group1,84
513,0,5,4,2,3,1,group0,group1,group0,group1,group1,79
514,0,3,6,1,0,4,group1,group2,group0,group0,group1,52
515,0,5,7,5,5,0,group0,group3,group1,group3,group0,46
516,0,2,1,1,6,3,group0,group0,group0,group3,group0,58
517,0,2,2,0,7,8,group0,group2,group1,group0,group0,36
518,0,3,2,2,0,3,group0,group0,group1,group2,group1,92
519,0,4,1,6,3,4,group1,group0,group0,group2,group1,32
520,0,1,2,0,7,1,group1,group0,group1,group2,group0,96
521,0,5,7,1,3,1,group1,group2,group1,group1,group0,14
522,0,2,5,3,2,2,group1,group1,group1,group0,group0,98
523,0,1,4,2,0,6,group0,group1,group1,group1,group1,78
524,0,4,4,5,6,6,group0,group2,group0,group1,group1,71
525,0,3,3,5,1,2,group1,group3,group1,group1,group0,97
526,0,2,2,1,6,3,group0,group1,group0,group0,group0,24
527,0,0,0,2,7,5,group1,group0,group1,group0,group0,22
528,0,2,1,6,6,1,group0,group1,group1,group0,group0,58
529,0,4,5,4,4,3,group1,group2,group1,group3,group0,91
530,0,7,4,2,2,0,group1,group3,group0,group1,group1,77
531,0,3,3,0,2,8,group1,group1,group0,group2,group0,82
532,0,6,6,4,1,8,group1,group2,group0,group3,group0,28
533,0,5,4,6,1,3,group0,group2,group1,group3,group0,90
534,0,3,7,6,6,5,group1,group2,group1,group0,group1,23
535,0,5,7,1,4,0,group0,group2,group1,group2,group1,44
536,0,4,6,4,2,0,group1,group1,group0,group3,group1,43
537,0,3,4,2,4,6,group1,group3,group1,group2,group0,77
538,0,5,3,4,6,5,group1,group1,group0,group0,group1,55
539,0,4,5,3,4,3,group0,group0,group1,group3,group1,10
540,0,0,3,0,0,0,group1,group0,group1,group3,group1,28
541,0,5,6,1,5,1,group0,group3,group1,group2,group0,35
542,0,3,0,2,3,7,group0,group0,group0,group3,group0,31
543,0,4,0,1,7,3,group0,group0,group1,group2,group1,82
544,0,3,7,2,6,4,group1,group3,group0,group2,group1,40
545,0,4,2,5,7,7,group0,group2,group0,group1,group1,29
546,0,6,7,0,0,0,group0,group2,group1,group1,group1,50
547,0,3,7,2,7,4,group1,group2,group1,group0,group1,88
548,0,2,2,2,5,3,group0,group0,group1,group3,group0,57
549,0,6,2,2,7,3,group0,group2,group0,group1,group0,21
550,0,6,2,2,1,8,group0,group2,group0,group3,group0,83
551,0,1,6,4,6,3,group1,group1,group0,group2,group1,20
552,0,2,7,1,4,1,group1,group2,group0,group1,group1,73
553,0,1,3,4,3,1,group1,group1,group1,group1,group0,52
554,0,1,2,1,6,0,group0,group1,group0,group3,group1,67
555,0,4,4,4,1,5,group0,group0,group1,group0,group1,50
556,0,3,7,0,0,4,group1,group2,group0,group2,group1,75
557,0,4,6,3,2,0,group1,group1,group0,group3,group1,84
558,0,3,5,2,3,4,group1,group2,group1,group2,group0,86
559,0,4,2,3,6,4,group0,group0,group1,group3,group0,89
560,0,4,4,0,2,8,group1,group2,group1,group1,group1,64
561,0,3,7,6,4,8,group1,group2,group0,group0,group1,90
562,0,0,4,3,5,4,group0,group0,group0,group3,group0,54
563,0,4,4,4,2,5,group0,group2,group1,group1,group1,50
564,0,1,1,6,1,6,group1,group0,group1,group1,group0,52
565,0,3,1,0,2,3,group1,group0,group0,group0,group0,97
566,0,5,4,4,2,0,group0,group2,group0,group0,group0,67
567,0,3,1,6,2,3,group0,group0,group0,group3,group0,56
568,0,3,4,2,2,7,group0,group0,group1,group1,group1,38
569,0,4,4,5,6,2,group1,group2,group1,group1,group1,16
570,0,0,2,4,0,6,group1,group0,group0,group3,group0,68
571,0,4,7,6,7,2,group0,group2,group1,group1,group0,96
572,0,6,4,6,4,2,group1,group3,group1,group1,group1,48
573,0,5,5,5,7,2,group1,group1,group1,group3,group0,67
574,0,1,6,4,6,0,group0,group1,group1,group3,group0,86
575,0,2,6,1,6,0,group1,group1,group1,group3,group1,48
576,0,5,1,2,1,0,group1,group1,group0,group1,group1,85
577,0,5,4,2,0,3,group0,group3,group0,group3,group0,24
578,0,6,6,3,6,2,group0,group3,group0,group3,group0,88
579,0,7,4,3,1,7,group0,group3,group1,group2,group0,98
580,0,4,5,0,0,6,group1,group2,group1,group1,group1,63
581,0,0,0,4,4,3,group0,group0,group1,group3,group1,88
582,0,4,1,4,5,5,group0,group0,group0,group2,group1,33
583,0,4,6,5,0,4,group0,group2,group1,group2,group1,51
584,0,2,4,5,3,1,group0,group0,group1,group3,group1,73
585,0,3,4,5,7,8,group1,group1,group1,group0,group0,98
586,0,2,6,3,0,3,group1,group1,group1,group0,group0,26
587,0,5,1,6,3,4,group1,group1,group0,group3,group1,19
588,0,3,5,5,3,7,group0,group3,group0,group1,group0,29
589,0,3,6,0,7,7,group0,group3,group1,group2,group1,71
590,0,3,3,5,4,6,group1,group3,group0,group0,group1,84
591,0,4,3,4,3,6,group1,group3,group0,group1,group1,86
592,0,2,6,2,3,0,group1,group1,group0,group1,group0,21
593,0,4,0,3,7,7,group0,group0,group1,group1,group1,13
594,0,3,3,4,6,3,group1,group1,group0,group0,group0,55
595,0,4,3,4,7,0,group0,group2,group1,group0,group0,24
596,0,5,6,5,4,5,group1,group2,group1,group2,group1,57
597,0,0,5,5,5,8,group1,group0,group0,group1,group0,42
598,0,2,2,5,7,6,group0,group0,group0,group2,group1,13
599,0,1,4,6,7,3,group1,group1,group1,group0,group1,50
600,0,4,7,2,3,3,group0,group3,group1,group1,group1,50
601,0,0,5,3,1,5,group1,group0,group0,group1,group0,85
602,0,4,4,2,5,5,group1,group2,group1,group3,group1,80
603,0,4,6,1,7,2,group0,group3,group1,group2,group1,61
604,0,0,3,5,1,6,group0,group0,group0,group3,group0,23
605,0,2,5,4,0,2,group1,group0,group1,group3,group0,71
606,0,4,5,5,4,7,group1,group1,group1,group0,group0,92
607,0,6,7,3,7,0,group1,group2,group0,group0,group0,11
608,0,2,0,2,3,6,group1,group0,group0,group1,group1,83
609,0,2,1,6,7,6,group0,group0,group0,group0,group0,61
610,0,3,3,6,6,4,group0,group2,group1,group2,group1,87
611,0,1,6,5,5,2,group0,group1,group0,group0,group1,96
612,0,4,4,1,2,6,group0,group1,group1,group3,group0,88
613,0,2,4,6,0,7,group1,group2,group0,group0,group1,71
614,0,2,4,3,3,5,group1,group0,group0,group0,group0,12
615,0,2,3,4,3,5,group0,group1,group0,group0,group1,28
616,0,2,7,6,2,0,group0,group2,group1,group0,group1,49
617,0,0,1,6,0,5,group1,group0,group1,group3,group0,99
618,0,3,2,3,4,6,group1,group1,group1,group1,group0,35
619,0,4,5,0,4,3,group1,group0,group1,group2,group0,68
620,0,4,2,6,1,8,group0,group1,group0,group0,group1,66
621,0,5,4,2,5,8,group1,group2,group0,group3,group0,75
622,0,5,8,5,4,5,group0,group3,group0,group1,group1,40
623,0,2,4,2,6,6,group0,group2,group1,group1,group1,42
624,0,6,7,1,7,3,group0,group3,group1,group3,group0,49
625,0,6,6,4,1,0,group0,group2,group1,group3,group1,91
626,0,4,7,6,6,1,group1,group2,group0,group1,group0,35
627,0,6,6,5,3,5,group1,group3,group1,group0,group0,53
628,0,3,2,0,1,7,group0,group2,group1,group1,group1,13
629,0,3,3,6,0,4,group0,group0,group1,group3,group0,63
630,0,5,6,5,4,7,group0,group3,group1,group2,group1,61
631,0,5,6,6,6,0,group0,group1,group0,group3,group0,67
632,0,5,5,4,0,0,group1,group3,group1,group3,group1,87
633,0,7,3,2,2,2,group1,group3,group1,group1,group0,40
634,0,1,2,3,0,0,group0,group0,group0,group1,group0,36
635,0,7,6,0,4,1,group0,group3,group1,group2,group1,62
636,0,3,4,2,1,7,group1,group0,group1,group3,group0,93
637,0,4,4,0,0,8,group0,group0,group0,group1,group0,52
638,0,6,6,5,4,6,group1,group3,group1,group0,group0,19
639,0,2,4,2,3,1,group1,group2,group1,group1,group1,80
640,0,4,3,5,6,6,group1,group1,group1,group1,group1,77
641,0,3,3,5,6,1,group0,group2,group1,group1,group1,79
642,0,3,5,3,5,0,group0,group2,group1,group3,group1,25
643,0,0,3,2,7,8,group0,group0,group0,group1,group1,99
644,0,3,3,0,4,5,group0,group1,group0,group1,group0,96
645,0,1,3,2,7,3,group1,group1,group0,group1,group1,66
646,0,2,5,1,5,3,group1,group0,group0,group0,group1,32
647,0,6,6,4,6,2,group1,group2,group1,group0,group0,61
648,0,4,3,6,6,2,group1,group1,group1,group3,group0,48
649,0,6,4,5,6,6,group1,group2,group1,group2,group1,87
650,0,2,3,0,4,0,group0,group0,group0,group2,group0,93
651,0,5,4,5,5,6,group0,group1,group1,group2,group0,80
652,0,4,5,4,0,0,group0,group0,group1,group2,group0,52
653,0,3,6,0,4,8,group1,group1,group1,group3,group0,49
654,0,0,4,1,7,5,group0,group0,group1,group3,group0,92
655,0,3,2,3,5,0,group1,group2,group1,group1,group1,62
656,0,1,2,5,5,0,group1,group1,group1,group0,group1,34
657,0,4,7,4,4,3,group0,group3,group0,group1,group0,55
658,0,5,2,2,7,4,group0,group2,group1,group2,group0,59
659,0,5,5,5,4,0,group0,group1,group0,group0,group1,69
660,0,6,2,0,3,6,group1,group2,group0,group3,group0,55
661,0,3,2,0,0,7,group0,group0,group1,group0,group0,61
662,0,5,6,5,5,1,group0,group1,group0,group2,group0,48
663,0,1,0,6,3,0,group0,group0,group1,group1,group1,71
664,0,4,5,2,7,7,group0,group1,group0,group1,group0,79
665,0,5,5,1,2,1,group0,group3,group1,group2,group1,52
666,0,3,6,5,4,6,group1,group1,group0,group0,group0,74
667,0,3,4,3,5,7,group0,group2,group0,group3,group1,15
668,0,4,4,6,0,8,group0,group1,group1,group1,group1,73
669,0,5,3,0,5,5,group0,group1,group0,group0,group1,82
670,0,0,5,1,4,5,group0,group0,group1,group3,group0,99
671,0,5,8,0,4,0,group1,group3,group0,group3,group1,65
672,0,2,2,6,7,2,group1,group0,group1,group1,group0,82
673,0,3,5,5,5,4,group1,group0,group0,group3,group1,64
674,0,2,4,5,6,8,group1,group1,group1,group3,group1,26
675,0,3,5,6,2,4,group0,group1,group0,group3,group1,47
676,0,5,6,4,5,0,group0,group1,group1,group3,group1,40
677,0,5,6,2,2,4,group0,group2,group0,group1,group1,79
678,0,2,6,0,6,4,group0,group2,group0,group1,group0,25
679,0,4,5,2,7,4,group0,group2,group0,group1,group1,97
680,0,2,1,6,3,8,group1,group0,group1,group1,group1,71
681,0,4,4,5,5,4,group1,group1,group0,group0,group1,62
682,0,3,7,6,3,7,group0,group3,group0,group0,group0,45
683,0,7,3,1,1,1,group0,group3,group1,group3,group1,35
684,0,3,8,3,3,3,group0,group3,group0,group2,group0,87
685,0,7,7,2,2,1,group1,group3,group1,group1,group1,19
686,0,6,3,0,2,2,group0,group2,group1,group3,group0,52
687,0,3,0,2,1,5,group0,group0,group1,group3,group0,41
688,0,4,6,0,1,7,group0,group1,group0,group1,group1,86
689,0,4,3,2,3,8,group1,group1,group0,group0,group1,82
690,0,3,5,5,6,2,group0,group3,group1,group2,group1,66
691,0,3,5,2,7,6,group0,group3,group1,group2,group1,63
692,0,2,1,5,2,0,group0,group0,group1,group2,group0,80
693,0,4,2,5,5,2,group0,group0,group1,group2,group0,39
694,0,3,1,3,5,0,group1,group1,group1,group2,group1,20
695,0,6,4,1,4,2,group1,group2,group1,group1,group0,97
696,0,2,4,0,1,3,group0,group2,group1,group0,group1,79
697,0,4,7,5,3,4,group1,group2,group0,group1,group0,65
698,0,4,6,2,0,3,group1,group3,group0,group0,group1,76
699,0,4,4,0,6,0,group0,group3,group1,group3,group1,72
700,0,5,1,4,4,7,group0,group1,group0,group0,group0,96
701,0,3,6,1,1,7,group1,group1,group0,group1,group1,10
702,0,5,1,5,2,3,group0,group1,group0,group3,group1,21
703,0,2,2,3,7,0,group0,group2,group0,group1,group0,85
704,0,5,7,2,2,1,group0,group2,group0,group3,group1,49
705,0,4,2,6,6,5,group1,group2,group0,group3,group0,23
706,0,3,3,2,2,0,group0,group1,group1,group2,group0,30
707,0,1,2,3,7,1,group1,group0,group0,group2,group0,55
708,0,6,5,4,4,0,group0,group3,group0,group3,group0,38
709,0,6,5,4,3,4,group0,group2,group1,group2,group0,38
710,0,3,7,1,5,2,group1,group3,group1,group1,group0,57
711,0,7,4,2,7,2,group0,group3,group1,group0,group0,76
712,0,0,2,4,1,3,group0,group0,group0,group3,group1,16
713,0,2,4,5,7,3,group0,group2,group0,group0,group1,54
714,0,3,3,6,0,0,group0,group1,group0,group1,group1,20
715,0,2,7,1,5,0,group1,group2,group1,group3,group0,71
716,0,2,3,2,6,7,group1,group2,group1,group3,group1,96
717,0,2,3,6,0,3,group1,group2,group0,group1,group1,96
718,0,0,3,4,4,8,group1,group0,group1,group0,group1,71
719,0,2,6,3,1,0,group0,group2,group0,group1,group0,55
720,0,1,1,4,2,8,group0,group1,group0,group1,group0,69
721,0,4,6,5,0,4,group1,group3,group0,group1,group1,10
722,0,4,5,3,3,0,group1,group1,group1,group2,group0,83
723,0,4,4,6,0,2,group0,group2,group1,group3,group1,15
724,0,4,1,4,5,4,group1,group1,group0,group2,group0,85
725,0,1,4,2,7,5,group1,group0,group0,group3,group1,74
726,0,6,5,4,5,0,group0,group3,group1,group2,group1,77
727,0,1,5,5,2,3,group1,group0,group0,group1,group1,98
728,0,7,7,5,0,0,group0,group3,group0,group0,group1,46
729,0,6,4,2,6,3,group0,group3,group1,group2,group0,70
730,0,3,6,6,1,1,group0,group2,group0,group2,group1,24
731,0,6,5,2,4,4,group0,group2,group1,group0,group1,78
732,0,3,5,5,3,0,group0,group0,group0,group1,group1,61
733,0,4,4,4,3,4,group0,group1,group1,group2,group0,66
734,0,7,3,2,0,8,group0,group3,group0,group3,group0,38
735,0,3,3,0,1,3,group1,group0,group1,group3,group1,63
736,0,5,5,2,5,7,group1,group1,group1,group0,group1,81
737,0,6,6,6,4,1,group1,group3,group0,group3,group0,66
738,0,4,3,0,2,8,group1,group2,group0,group2,group1,28
739,0,1,2,6,0,0,group0,group1,group0,group3,group1,10
740,0,4,0,6,7,4,group1,group0,group1,group2,group1,16
741,0,4,7,3,5,8,group0,group2,group1,group3,group1,14
742,0,2,3,0,6,6,group1,group0,group0,group3,group0,19
743,0,2,1,4,3,5,group1,group0,group1,group1,group0,22
744,0,3,3,0,7,0,group0,group2,group1,group2,group1,47
745,0,5,2,2,7,2,group1,group1,group1,group2,group0,74
746,0,3,2,1,3,2,group1,group1,group0,group0,group0,96
747,0,4,3,1,1,6,group1,group3,group1,group2,group0,94
748,0,3,8,5,1,7,group0,group3,group1,group3,group1,10
749,0,7,4,4,2,6,group1,group3,group0,group1,group1,71
750,0,5,3,3,4,5,group0,group3,group1,group3,group0,37
751,0,4,4,2,7,2,group0,group1,group1,group2,group0,75
752,0,4,3,1,5,0,group1,group0,group0,group2,group1,15
753,0,3,4,5,2,8,group0,group3,group1,group3,group1,66
754,0,2,6,6,7,3,group1,group2,group1,group1,group0,70
755,0,5,4,6,4,0,group1,group2,group1,group1,group1,33
756,0,5,6,1,2,7,group0,group2,group1,group3,group0,63
757,0,4,3,4,6,0,group1,group3,group0,group1,group1,72
758,0,3,4,4,3,4,group0,group1,group1,group2,group1,82
759,0,4,3,5,3,6,group1,group0,group0,group2,group0,73
760,0,5,4,1,3,1,group1,group2,group1,group1,group1,68
761,0,0,4,5,4,2,group1,group0,group1,group0,group0,31
762,0,2,6,5,3,2,group1,group2,group1,group3,group1,21
763,0,5,1,3,0,2,group0,group1,group1,group3,group0,92
764,0,3,3,5,5,6,group1,group0,group0,group3,group0,24
765,0,5,4,4,3,6,group0,group3,group1,group2,group1,66
766,0,7,7,6,1,6,group0,group3,group0,group1,group1,16
767,0,6,2,6,3,0,group0,group2,group1,group3,group1,71
768,0,5,4,3,3,1,group1,group3,group1,group3,group0,38
769,0,5,3,1,6,1,group1,group2,group0,group2,group0,56
770,0,1,1,5,0,3,group0,group0,group0,group3,group1,89
771,0,1,5,2,2,5,group1,group1,group1,group1,group0,84
772,0,4,4,2,5,6,group0,group2,group1,group0,group0,22
773,0,5,5,2,1,7,group1,group2,group1,group2,group1,64
774,0,2,3,0,1,7,group0,group2,group0,group2,group1,42
775,0,3,3,4,6,6,group0,group2,group0,group3,group1,48
776,0,1,4,6,3,5,group1,group0,group0,group0,group1,43
777,0,4,4,4,0,0,group1,group3,group0,group3,group0,86
778,0,4,4,1,3,1,group0,group2,group0,group1,group0,43
779,0,4,4,5,3,1,group0,group3,group1,group3,group0,40
780,0,5,7,6,4,7,group0,group2,group1,group1,group1,30
781,0,6,4,3,6,5,group1,group2,group1,group2,group0,35
782,0,5,8,0,0,8,group1,group3,group0,group1,group0,70
783,0,3,5,1,0,4,group0,group2,group1,group2,group1,70
784,0,4,3,0,0,0,group1,group3,group1,group1,group0,31
785,0,1,5,0,5,4,group0,group0,group0,group2,group1,60
786,0,4,8,1,5,0,group1,group3,group0,group0,group0,60
787,0,4,8,5,4,7,group1,group3,group1,group2,group1,38
788,0,5,5,1,7,7,group1,group2,group0,group3,group1,53
789,0,2,2,5,1,3,group1,group0,group1,group3,group1,16
790,0,3,1,3,3,5,group0,group1,group0,group3,group0,30
791,0,4,3,3,3,0,group0,group2,group1,group0,group0,24
792,0,4,6,4,2,7,group0,group3,group0,group3,group1,49
793,0,3,4,2,1,6,group1,group0,group1,group0,group0,65
794,0,3,4,3,5,8,group1,group1,group1,group1,group0,71
795,0,1,3,3,1,0,group0,group0,group1,group1,group1,65
796,0,1,5,3,2,8,group0,group0,group0,group2,group1,34
797,0,1,3,6,5,1,group0,group1,group1,group0,group0,81
798,0,0,3,6,4,0,group0,group0,group0,group2,group0,55
799,0,4,4,3,6,5,group0,group2,group1,group0,group1,64
800,0,6,8,1,7,8,group1,group3,group1,group0,group0,45
801,0,0,2,3,1,2,group0,group0,group1,group0,group0,56
802,0,3,4,3,5,2,group1,group1,group1,group3,group0,32
803,0,3,7,6,7,4,group0,group2,group0,group0,group0,11
804,0,5,1,4,0,3,group1,group1,group1,group1,group1,23
805,0,2,1,3,6,7,group1,group0,group1,group3,group1,12
806,0,1,0,4,4,4,group1,group0,group1,group2,group1,75
807,0,2,3,1,5,1,group0,group1,group0,group0,group1,22
808,0,3,5,3,3,7,group1,group0,group0,group3,group1,90
809,0,5,5,1,5,4,group0,group3,group1,group1,group0,36
810,0,4,5,2,4,6,group0,group1,group1,group2,group0,93
811,0,3,6,1,0,7,group0,group3,group1,group0,group0,34
812,0,2,2,6,7,5,group0,group1,group0,group1,group1,68
813,0,6,5,6,1,5,group0,group3,group1,group1,group1,93
814,0,3,3,3,0,5,group0,group2,group1,group0,group1,46
815,0,6,6,4,7,3,group1,group2,group1,group2,group0,48
816,0,2,2,6,5,6,group0,group1,group1,group0,group1,34
817,0,5,4,4,0,7,group1,group2,group0,group0,group1,26
818,0,6,3,1,1,3,group0,group2,group0,group3,group1,84
819,0,4,5,6,4,0,group1,group3,group1,group3,group0,79
820,0,2,3,1,5,7,group0,group0,group1,group2,group1,42
821,0,5,7,4,7,4,group1,group3,group1,group0,group0,75
822,0,4,5,2,4,8,group0,group2,group0,group0,group0,73
823,0,1,1,1,0,1,group1,group0,group0,group3,group1,89
824,0,5,3,2,1,0,group1,group2,group1,group1,group0,75
825,0,3,8,2,4,8,group0,group3,group0,group1,group1,10
826,0,5,5,2,4,8,group1,group3,group1,group0,group0,51
827,0,1,1,1,1,5,group1,group1,group1,group0,group0,79
828,0,3,6,0,6,2,group0,group1,group0,group3,group0,56
829,0,4,4,0,2,0,group1,group3,group1,group0,group1,87
830,0,2,2,1,6,3,group1,group2,group1,group0,group0,58
831,0,4,0,6,5,5,group0,group0,group1,group0,group0,73
832,0,5,1,2,5,0,group1,group1,group0,group0,group0,98
833,0,4,3,3,5,2,group1,group2,group0,group3,group0,42
834,0,0,3,6,7,8,group0,group0,group0,group3,group1,25
835,0,1,3,4,7,2,group0,group1,group0,group2,group1,97
836,0,2,5,3,0,8,group0,group1,group0,group1,group0,85
837,0,1,2,5,1,3,group0,group1,group0,group3,group1,74
838,0,3,5,1,7,1,group1,group0,group0,group3,group1,83
839,0,3,5,5,3,3,group1,group1,group1,group2,group0,56
840,0,3,5,4,2,7,group0,group1,group1,group2,group0,97
841,0,4,2,1,1,3,group0,group1,group1,group2,group0,99
842,0,3,1,5,3,6,group0,group0,group1,group2,group0,62
843,0,6,5,4,7,3,group0,group2,group0,group1,group0,97
844,0,3,3,6,0,6,group0,group0,group1,group1,group1,56
845,0,6,3,3,4,0,group1,group3,group0,group1,group0,78
846,0,2,4,4,4,7,group0,group1,group0,group3,group0,49
847,0,3,6,1,6,5,group1,group2,group1,group0,group1,79
848,0,4,3,2,7,2,group0,group1,group0,group2,group0,48
849,0,1,4,2,5,7,group1,group1,group0,group3,group1,75
850,0,3,3,6,7,5,group0,group3,group1,group1,group0,80
851,0,5,4,0,1,5,group1,group2,group0,group1,group0,18
852,0,7,6,4,6,7,group1,group3,group1,group2,group1,38
853,0,3,8,0,1,4,group0,group3,group0,group0,group0,68
854,0,4,4,2,4,2,group0,group0,group0,group2,group0,70
855,0,3,0,1,3,8,group1,group0,group1,group3,group1,46
856,0,5,8,3,3,0,group1,group3,group0,group3,group1,45
857,0,4,1,2,3,4,group1,group0,group1,group2,group0,51
858,0,2,2,6,2,4,group1,group1,group0,group2,group1,30
859,0,4,4,6,3,1,group0,group2,group1,group2,group0,63
860,0,1,6,3,7,7,group0,group1,group1,group0,group0,28
861,0,3,6,6,2,7,group0,group2,group0,group2,group1,70
862,0,7,8,1,0,1,group1,group3,group1,group3,group1,79
863,0,4,6,1,1,2,group0,group2,group1,group1,group1,88
864,0,2,5,6,0,5,group1,group0,group0,group3,group0,17
865,0,4,3,2,7,4,group1,group3,group0,group1,group1,47
866,0,5,1,6,3,7,group0,group1,group0,group2,group0,72
867,0,4,3,4,6,7,group1,group2,group0,group0,group1,97
868,0,6,7,2,4,0,group0,group2,group0,group0,group1,39
869,0,0,1,0,4,7,group0,group0,group1,group2,group0,56
870,0,3,3,3,5,4,group1,group2,group0,group0,group0,56
871,0,3,0,1,0,5,group0,group0,group0,group0,group1,35
872,0,4,2,1,2,5,group1,group1,group0,group1,group0,59
873,0,6,6,3,3,2,group1,group3,group0,group0,group0,86
874,0,2,7,0,1,6,group0,group2,group1,group2,group0,61
875,0,4,3,4,0,3,group0,group1,group0,group1,group0,33
876,0,5,7,1,6,4,group0,group3,group1,group2,group1,31
877,0,4,5,3,0,3,group1,group1,group0,group0,group1,29
878,0,0,5,6,2,7,group0,group0,group0,group2,group1,45
879,0,3,4,0,6,5,group1,group2,group1,group3,group1,66
880,0,2,4,3,3,6,group1,group0,group1,group1,group1,41
881,0,4,5,5,7,4,group0,group3,group1,group3,group1,94
882,0,2,2,0,0,8,group1,group1,group0,group1,group0,88
883,0,6,6,4,0,5,group0,group2,group1,group1,group0,86
884,0,0,3,1,0,7,group0,group0,group1,group1,group0,19
885,0,0,5,3,4,2,group1,group0,group0,group1,group1,99
886,0,3,0,4,7,7,group0,group0,group0,group1,group0,41
887,0,3,1,4,6,6,group1,group1,group0,group1,group0,25
888,0,0,4,2,3,6,group0,group0,group1,group0,group1,26
889,0,5,7,2,1,1,group1,group2,group0,group1,group1,34
890,0,0,2,6,1,0,group0,group0,group0,group2,group1,85
891,0,3,6,1,1,3,group0,group1,group1,group2,group0,92
892,0,4,4,1,6,2,group1,group2,group0,group1,group1,31
893,0,7,7,2,7,3,group0,group3,group0,group0,group1,63
894,0,4,5,5,4,6,group1,group0,group0,group3,group0,11
895,0,2,4,4,4,8,group1,group0,group1,group3,group1,70
896,0,4,2,4,6,0,group1,group2,group0,group1,group1,96
897,0,3,4,4,1,4,group1,group1,group0,group1,group1,50
898,0,1,4,5,6,1,group0,group1,group1,group0,group0,47
899,0,4,3,5,6,5,group1,group3,group1,group3,group1,64
900,0,2,4,5,1,3,group1,group1,group0,group0,group0,29
901,0,7,4,0,4,1,group1,group3,group1,group2,group0,51
902,0,3,4,4,3,8,group1,group1,group0,group0,group0,90
903,0,0,3,4,7,2,group1,group0,group0,group1,group0,93
904,0,2,5,0,2,0,group0,group1,group0,group2,group1,25
905,0,5,1,0,2,6,group1,group1,group1,group0,group0,77
906,0,3,6,3,7,0,group0,group2,group1,group0,group1,30
907,0,7,7,0,7,0,group1,group3,group0,group1,group0,75
908,0,3,6,5,2,1,group1,group3,group1,group0,group1,84
909,0,5,5,4,2,1,group1,group3,group0,group2,group0,65
910,0,2,4,5,7,2,group0,group0,group1,group2,group0,45
911,0,3,6,5,4,1,group1,group3,group1,group0,group1,86
912,0,6,6,5,0,4,group1,group2,group0,group3,group0,88
913,0,2,0,0,0,5,group1,group0,group0,group0,group1,96
914,0,7,8,3,2,4,group1,group3,group1,group2,group0,14
915,0,2,4,2,7,2,group1,group2,group1,group1,group1,54
916,0,3,4,1,7,4,group0,group1,group0,group3,group1,41
917,0,4,4,6,7,3,group1,group0,group0,group0,group1,15
918,0,1,5,6,3,1,group0,group1,group0,group2,group1,45
919,0,3,2,0,4,6,group0,group0,group0,group0,group0,60
920,0,4,2,0,2,4,group0,group2,group0,group2,group0,73
921,0,6,5,5,2,0,group1,group3,group1,group0,group1,41
922,0,3,5,5,2,1,group1,group2,group1,group2,group0,35
923,0,4,1,0,1,7,group0,group0,group1,group1,group0,93
924,0,3,5,4,1,3,group0,group0,group1,group1,group1,96
925,0,2,2,0,0,8,group0,group1,group0,group3,group0,75
926,0,3,6,3,3,4,group1,group1,group1,group2,group1,20
927,0,4,8,6,7,3,group1,group3,group0,group1,group1,93
928,0,4,4,3,0,8,group1,group0,group0,group0,group1,75
929,0,1,3,6,1,3,group0,group1,group1,group1,group1,47
930,0,3,3,4,5,2,group0,group0,group0,group3,group1,28
931,0,4,7,1,3,6,group1,group3,group0,group1,group1,51
932,0,3,2,5,0,8,group0,group1,group0,group3,group1,39
933,0,6,6,1,6,5,group1,group3,group1,group1,group0,94
934,0,6,4,2,6,0,group0,group3,group1,group2,group1,15
935,0,1,2,1,7,0,group0,group1,group0,group3,group0,25
936,0,4,3,3,3,4,group1,group1,group0,group2,group0,75
937,0,6,7,0,7,2,group0,group3,group0,group2,group1,12
938,0,5,5,5,0,1,group0,group1,group1,group1,group0,91
939,0,2,3,1,5,6,group0,group2,group1,group0,group0,21
940,0,0,1,5,6,2,group0,group0,group0,group0,group0,55
941,0,4,6,5,4,4,group1,group3,group0,group1,group0,12
942,0,1,4,6,2,1,group1,group1,group1,group1,group1,32
943,0,4,3,1,4,7,group1,group3,group1,group1,group1,98
944,0,6,5,0,6,0,group1,group3,group0,group1,group0,69
945,0,1,5,3,7,1,group0,group0,group0,group0,group1,53
946,0,1,5,1,0,7,group0,group1,group0,group1,group1,64
947,0,7,3,4,1,6,group1,group3,group0,group0,group0,73
948,0,4,5,6,3,0,group1,group3,group0,group2,group0,69
949,0,5,6,2,1,2,group1,group1,group1,group3,group0,19
950,0,2,6,3,4,0,group0,group2,group0,group3,group1,54
951,0,4,6,3,1,1,group1,group1,group0,group0,group1,27
952,0,4,1,5,0,5,group0,group1,group1,group3,group0,73
953,0,5,5,5,2,4,group1,group3,group0,group3,group0,61
954,0,3,7,2,5,7,group1,group2,group0,group3,group1,19
955,0,3,5,2,7,3,group0,group1,group1,group3,group1,72
956,0,3,2,4,0,3,group0,group0,group0,group2,group1,27
957,0,5,6,1,6,1,group1,group1,group0,group2,group1,90
958,0,4,6,1,7,8,group0,group1,group0,group1,group0,79
959,0,1,3,6,3,4,group1,group0,group1,group0,group0,24
960,0,2,7,0,0,1,group0,group2,group0,group3,group0,21
961,0,5,5,3,6,1,group1,group1,group0,group0,group0,70
962,0,3,6,5,7,4,group1,group3,group0,group2,group1,36
963,0,3,6,5,6,3,group1,group3,group0,group0,group1,65
964,0,0,3,5,3,3,group0,group0,group0,group2,group1,73
965,0,2,4,3,7,0,group1,group1,group1,group2,group0,27
966,0,7,5,6,6,1,group1,group3,group0,group1,group0,39
967,0,2,0,4,3,3,group0,group0,group0,group0,group1,99
968,0,1,6,0,5,1,group1,group1,group0,group3,group1,65
969,0,1,4,4,6,0,group0,group1,group1,group2,group1,64
970,0,1,5,2,0,0,group0,group0,group1,group2,group0,65
971,0,5,6,3,0,5,group1,group2,group1,group3,group1,44
972,0,3,6,6,6,1,group0,group2,group0,group0,group0,86
973,0,2,5,2,5,8,group1,group1,group0,group2,group0,13
974,0,7,5,6,4,7,group0,group3,group1,group2,group1,74
975,0,3,3,1,1,2,group0,group1,group1,group3,group0,34
976,0,6,6,5,4,6,group0,group2,group0,group3,group1,30
977,0,4,0,2,7,6,group0,group0,group1,group1,group1,61
978,0,5,7,0,6,6,group0,group3,group0,group1,group0,90
979,0,3,5,1,4,6,group0,group0,group0,group3,group1,76
980,0,2,2,6,5,0,group1,group1,group1,group3,group0,48
981,0,7,3,5,1,6,group0,group3,group0,group2,group1,66
982,0,5,4,5,2,0,group0,group2,group1,group2,group1,67
983,0,7,8,5,6,6,group0,group3,group0,group2,group0,44
984,0,7,4,2,6,0,group0,group3,group1,group3,group0,90
985,0,1,4,0,5,2,group0,group0,group1,group3,group0,19
986,0,2,3,5,5,0,group1,group2,group0,group1,group0,42
987,0,4,5,0,2,4,group1,group3,group1,group1,group1,39
988,0,4,0,3,7,3,group0,group0,group1,group3,group1,16
989,0,3,5,0,0,0,group0,group2,group1,group0,group1,15
990,0,4,1,0,6,0,group1,group0,group0,group1,group1,62
991,0,6,2,5,3,4,group0,group2,group0,group0,group0,86
992,0,3,2,1,5,8,group0,group1,group0,group2,group1,78
993,0,2,3,0,2,4,group1,group1,group1,group2,group0,39
994,0,6,4,0,0,6,group0,group2,group1,group0,group1,49
995,0,3,0,3,0,7,group1,group0,group0,group2,group1,32
996,0,4,2,3,0,5,group1,group0,group1,group0,group0,43
997,0,3,3,6,7,0,group1,group1,group1,group1,group0,65
998,0,2,3,1,3,0,group0,group0,group0,group0,group1,76
999,0,5,7,1,4,3,group0,group3,group1,group1,group1,27
