subscriber_id,antenna_id,tower_id,regions,prefectures
MwwaFwHBKL,a251,t30,SAVANES,AGOU
kkhBvxKiOp,a44,t58,MARITIME,OGOU
gMGXGXdSes,a113,t33,CENTRALE,TONE
sOJeGrKwbe,a225,t65,KARA,ANIE
ZZfNnZytXW,a47,t21,CENTRALE,AKEBOU
ZcLldUECdN,a59,t89,SAVANES,KPENDJAL-OUEST
rRmRPRzpPA,a93,t57,KARA,BASSAR
mrjYHuDBpx,a82,t0,MARITIME,TCHAOUDJO
WLQOzjWYfb,a242,t77,CENTRALE,TANDJOARE
rRBPnMdqKx,a138,t67,SAVANES,PLAINE DU MO
hGMexblmwH,a109,t15,PLATEAUX,LOME COMMUNE
kJxMKZzRfE,a95,t70,CENTRALE,BLITTA
FGybsTmlCa,a73,t3,SAVANES,BINAH
JfmjchdFXD,a290,t47,PLATEAUX,TCHAMBA
txIzCzvHKy,a229,t42,KARA,AVE
sQGOjnDvvt,a210,t1,PLATEAUX,KPELE
iGnSsLVhQa,a179,t81,SAVANES,SOTOUBOUA
mlYYwQmWZT,a152,t47,KARA,BASSAR
PqKvVNqmwR,a183,t16,KARA,KERAN
LpOuvgMZrq,a253,t68,PLATEAUX,PLAINE DU MO
AtJvmmmRmW,a37,t21,CENTRALE,PLAINE DU MO
fNgbhjgzdh,a57,t61,MARITIME,PLAINE DU MO
NgGnrxtAfv,a225,t29,PLATEAUX,TONE
dWgAxvDvhT,a87,t44,CENTRALE,OTI-SUD
BgmwSUgmji,a241,t96,MARITIME,KPENDJAL
meALpnQBFl,a44,t66,CENTRALE,OGOU
bZvWYAmjGh,a185,t34,KARA,WAWA
EiaSNgqfWG,a283,t88,CENTRALE,KPENDJAL
rrizRADpnV,a246,t86,KARA,OTI
wmJuEMcdRd,a55,t77,KARA,LACS
KcOffvromc,a63,t97,CENTRALE,OTI
fUAFFeYyZN,a208,t38,KARA,WAWA
WkzIMOgJkS,a56,t10,CENTRALE,BAS-MONO
oCMLouzjOm,a154,t21,PLATEAUX,SOTOUBOUA
tQEElXPRrD,a53,t16,SAVANES,ANIE
LLMgZcbVPB,a240,t78,PLATEAUX,TONE
IZEaLxYaBi,a166,t7,SAVANES,CINKASSE
SBvPNdHvkD,a186,t53,MARITIME,MOYEN-MONO
FXZOhJEIzg,a43,t53,SAVANES,LACS
ptudOnjdRU,a105,t67,MARITIME,LOME COMMUNE
TsdtSZAAjD,a19,t77,PLATEAUX,GOLFE
CaNaOEkaIY,a75,t12,PLATEAUX,DANKPEN
zZkqaZFAtz,a293,t86,SAVANES,ANIE
ZIWxRFoqYX,a162,t85,SAVANES,LOME COMMUNE
uAeSWdbQJv,a127,t28,PLATEAUX,AKEBOU
McmTeYfIvC,a58,t13,SAVANES,GOLFE
UDucbUSZmf,a129,t61,PLATEAUX,SOTOUBOUA
BEGhLiPIch,a296,t6,SAVANES,OTI
qTJQBeleRR,a186,t57,MARITIME,MOYEN-MONO
NyxIlyEvus,a280,t45,PLATEAUX,AVE
hoSbHeUpKQ,a152,t61,CENTRALE,OTI
lCJsWrEQOo,a119,t51,MARITIME,TCHAMBA
qztazmUTYq,a211,t93,SAVANES,HAHO
aurOBmpJWm,a250,t6,PLATEAUX,KERAN
cgibJqKipZ,a283,t57,MARITIME,ANIE
UWgavSMUps,a142,t40,KARA,AGOU
zYdOAwtytX,a164,t7,SAVANES,AGOE-NYIVE
CXcwyCjINx,a24,t4,PLATEAUX,DANKPEN
pPAREryhNY,a56,,KARA,KPENDJAL-OUEST
dIZzFczUIO,a31,t92,PLATEAUX,WAWA
YUTrQHhnDF,a156,t99,MARITIME,KLOTO
povJVGLkoa,a252,t7,SAVANES,AVE
iBbmdmTWEX,a130,t18,PLATEAUX,AVE
IbTrJUaZuS,a59,t51,KARA,BASSAR
KNrBOmsszC,a168,t72,KARA,EST-MONO
kncczthuUU,a143,t2,CENTRALE,HAHO
FmVLCXwbdO,a37,t82,MARITIME,OGOU
JzsJVuVzCs,a210,t46,SAVANES,KLOTO
OXryhijRsq,a188,t18,PLATEAUX,KPELE
DljOEeuyWJ,a100,t86,SAVANES,BAS-MONO
YezRGHjpnb,a82,t29,SAVANES,TONE
gnGIUNfJqV,a8,t35,PLATEAUX,CINKASSE
RYLLuDZLrZ,a295,t11,CENTRALE,OTI
yztAJNZiNN,a233,t52,SAVANES,BINAH
pjjlDwunYH,a269,t76,MARITIME,VO
DVwdKknQQS,a61,t37,KARA,TANDJOARE
SrXVvCoUNT,a168,t78,PLATEAUX,DANKPEN
IuktMfbJnc,a73,t69,PLATEAUX,ANIE
VLdIOQJoMg,a202,t24,MARITIME,WAWA
ecejgKNjoL,a196,t69,CENTRALE,KERAN
YUPUKSAIMO,a24,t29,MARITIME,OTI
MgqQtXBeFP,a281,t77,KARA,OTI-SUD
kVHLmGLNEH,a33,t24,MARITIME,PLAINE DU MO
ZHSjLEHfDc,a18,t42,CENTRALE,KOZAH
OEemvtDBqg,a126,t10,PLATEAUX,DANKPEN
UzIHDpTKIh,a206,t65,SAVANES,ANIE
kFdPLjiokX,a263,t85,KARA,PLAINE DU MO
gCXaKCzHgQ,a38,t53,CENTRALE,TCHAOUDJO
QQPIKxwzVJ,a49,t20,MARITIME,LACS
pAqMCRieoH,a14,t13,CENTRALE,DOUFELGOU
KXDRiGiFSw,a273,t26,SAVANES,AGOE-NYIVE
XASKSjEQKp,a45,t6,CENTRALE,BASSAR
HNQbVKqVtS,a185,t31,PLATEAUX,ZIO
vOyGseCqEm,a119,t83,KARA,BINAH
WDodcoiLyV,a154,t49,MARITIME,HAHO
YtJwPvzKLZ,a287,t65,SAVANES,ANIE
qkqRyNFZwl,a113,t54,MARITIME,LACS
WBYzVGXXRf,a127,t0,CENTRALE,TONE
JGiawPlVpd,a23,t50,MARITIME,TONE
aRWorldfhg,a293,t81,SAVANES,TONE
KIlSZGQiOh,a42,t37,PLATEAUX,CINKASSE
MtCtlnflji,a221,t76,SAVANES,EST-MONO
sazpsvTcHe,a89,t70,KARA,KLOTO
lCzujKzQEH,a209,t20,MARITIME,TCHAOUDJO
kyfEkHNhDh,a154,t54,KARA,LOME COMMUNE
ZxDgrIqzha,a46,t15,KARA,DOUFELGOU
tFPWYsBmKO,a109,t45,PLATEAUX,GOLFE
IQlbyHMuJm,a280,t29,KARA,OGOU
QoSPkdeOcN,a167,t70,SAVANES,CINKASSE
oYNcznnOgJ,a39,t14,MARITIME,DOUFELGOU
QiNMmMRHhs,a134,t13,MARITIME,AKEBOU
UYzTFvkCmv,a68,t76,KARA,AMOU
upWCirugqI,a112,t81,CENTRALE,OTI-SUD
QMQuGLWNMF,a39,t47,CENTRALE,AMOU
hrvIKPBhYK,a277,t43,MARITIME,DOUFELGOU
bgdKSBRhzs,a73,t75,KARA,AGOU
KRbjMhaDMX,a228,t62,CENTRALE,OTI
LzHtHCEMmj,a24,t25,KARA,BINAH
DhHNvWluua,a199,t25,KARA,OGOU
WzfOBUyuKl,a32,t72,MARITIME,TANDJOARE
wzQicuOsEE,a268,t42,SAVANES,SOTOUBOUA
hbEKRhQncc,a135,t61,KARA,YOTO
klfhtuUdnG,a258,t44,KARA,DANYI
ZKsKIXmCeN,a228,t44,SAVANES,OTI-SUD
ewHOMNOyIp,a20,t53,PLATEAUX,HAHO
crafafvctc,a85,t32,KARA,KPELE
SRwLuliAwr,a94,t28,PLATEAUX,BASSAR
lOviNTgYuS,a273,t5,KARA,KPELE
XxEFcyAuUH,a273,t20,MARITIME,LOME COMMUNE
uFZSRfIWVX,a171,t61,CENTRALE,DANYI
RXOPashdsl,a180,t7,PLATEAUX,ZIO
sNLmtXfmNS,a95,,MARITIME,OTI-SUD
ImQkdpTdeO,a281,t51,KARA,GOLFE
osejBtJLAB,a103,t97,PLATEAUX,ASSOLI
QGuIwVoSdD,a217,t50,KARA,GOLFE
NHnOnMxtqo,a179,t83,CENTRALE,BINAH
qfTcXuzMwC,a67,t21,MARITIME,AMOU
sGfhgdtkVR,a175,t9,KARA,AKEBOU
GVwjVxGtco,a127,t77,PLATEAUX,DOUFELGOU
OOXpmYiddw,a199,t11,MARITIME,KLOTO
AUTkwbgHqI,a8,t67,CENTRALE,ZIO
aKzuRMIgvK,a114,t35,SAVANES,KPENDJAL-OUEST
NUtIbkFRva,a137,t37,SAVANES,DANKPEN
qYPljWyHVg,a46,t41,MARITIME,TCHAMBA
XQqgsBPivb,a120,t9,SAVANES,VO
qkHdeeladT,a190,t15,CENTRALE,BLITTA
HUONmMUWTV,a277,t93,KARA,AVE
gGNvtMVsZF,a269,t85,CENTRALE,TCHAMBA
OMwCRfaoHD,a283,t76,SAVANES,TCHAOUDJO
ANnpaBqoKb,a160,t29,KARA,AGOU
pVQcoosDdg,a221,t52,KARA,KPENDJAL-OUEST
gNdNMWRVVK,a104,t25,SAVANES,ASSOLI
bdvjmfSTsU,a270,t86,MARITIME,VO
UAHdDuyIeM,a52,t37,KARA,KPENDJAL
aVMRYpWAbV,a239,t15,CENTRALE,BAS-MONO
AVkNVyOMzy,a246,t22,SAVANES,ANIE
OHFkbArviB,a236,t91,KARA,DANYI
KKqSymtytr,a217,t36,SAVANES,ANIE
wknmZkRsIm,a24,t45,SAVANES,DANKPEN
eWAQvXyzsn,a57,t66,KARA,DOUFELGOU
GPVxlTgFZg,a140,t3,MARITIME,TANDJOARE
hwNaQjPFNy,a18,t58,SAVANES,ANIE
zIpKVeqexV,a26,t95,PLATEAUX,WAWA
MJKWEawMBC,a205,t72,CENTRALE,AMOU
ovCQfxURWj,a281,t72,PLATEAUX,AMOU
GhyjjFXhGx,a0,t99,KARA,BAS-MONO
XNkolWMEey,a14,t89,KARA,TANDJOARE
AWrbWzWkYp,a167,t16,KARA,CINKASSE
IvOrlIzYfz,a275,t85,MARITIME,OGOU
skIOopvdDk,a137,t74,MARITIME,GOLFE
FvpAevxQRy,a181,t32,KARA,DOUFELGOU
bQdsaYgNLX,a232,t62,MARITIME,OTI-SUD
pFMqxTFqzh,a66,t6,SAVANES,AGOU
QzfXSkNQiL,a283,t73,CENTRALE,DANYI
zpTweudaaD,a258,t37,SAVANES,KOZAH
zRHUXtNVAD,a125,t2,PLATEAUX,BASSAR
lFwFKrUUBY,a19,t45,MARITIME,BLITTA
lMCfKVlySO,a142,t13,CENTRALE,HAHO
riFCrfggWQ,a269,t41,PLATEAUX,BASSAR
GNraTpxZeh,a125,t33,SAVANES,SOTOUBOUA
ZuYYBGYpqM,a82,t3,KARA,AVE
TAkRZSoiff,a61,t4,CENTRALE,EST-MONO
GmgFVkcBZD,a139,t30,MARITIME,TONE
sHLZFdgmpU,a156,t65,CENTRALE,AVE
Ynvvkgthxn,a236,t69,CENTRALE,AGOE-NYIVE
KbVDiKanAc,a3,t88,MARITIME,LOME COMMUNE
mNlCVRIeBc,a10,t74,SAVANES,VO
sAxjHTzZxX,a31,t36,CENTRALE,LOME COMMUNE
uOAmUlHQos,a253,t65,SAVANES,SOTOUBOUA
CScWfctHnj,a108,t56,KARA,MOYEN-MONO
jJigJkKZUd,a91,t77,KARA,KLOTO
mNvPMQdHNv,a224,t70,MARITIME,DANKPEN
yMlzPfwvRF,a102,t16,SAVANES,GOLFE
qxnDBaTRqt,a114,t42,PLATEAUX,AGOE-NYIVE
UEFGXVqVrd,a285,t97,MARITIME,TCHAOUDJO
eeisrwgClH,a285,t57,MARITIME,AGOU
PnmRDcsrjx,a33,t93,SAVANES,KPENDJAL-OUEST
aSpAQqOnRJ,a41,t5,PLATEAUX,KOZAH
FMujpiXSPS,a105,t89,SAVANES,BAS-MONO
ayEzTOeqlf,a177,t87,SAVANES,KPENDJAL-OUEST
ZrXuysitGQ,a25,t29,CENTRALE,BAS-MONO
zXxJyZETOR,a181,t95,SAVANES,YOTO
pwXxvVvTag,a176,t69,MARITIME,BLITTA
GfQgzNkQHE,a0,t86,PLATEAUX,ASSOLI
yKFQNXyPic,a294,t41,CENTRALE,OTI
YRmmDyznJu,a263,t81,SAVANES,HAHO
GbEyXOTqrf,a277,t51,MARITIME,CINKASSE
WhCdBCpDlt,a261,t46,KARA,BAS-MONO
LKSRljOHSi,a15,t58,PLATEAUX,OGOU
HQTOutwkjU,a119,t39,PLATEAUX,KOZAH
pbAcugnzhb,a242,t83,CENTRALE,BINAH
yofaYDcyWJ,a158,t15,PLATEAUX,AGOE-NYIVE
CGbKIWfKzS,a160,t75,PLATEAUX,AKEBOU
wKURKPTLyw,a172,t93,SAVANES,BINAH
ppdbEHpImH,a168,t93,CENTRALE,AGOE-NYIVE
QtXbAFQsZb,a152,t52,SAVANES,TCHAMBA
TLyOlzgZFy,a176,t56,KARA,KOZAH
eZIpIjclIC,a287,t25,PLATEAUX,BLITTA
vEQATYlCxa,a257,t79,MARITIME,AKEBOU
naVptxZAGL,a18,t36,MARITIME,TONE
xPduZOWJSH,a194,t4,CENTRALE,AGOU
eFTtZrCHXc,a271,t82,KARA,AGOE-NYIVE
YtCUJsglOM,a102,t94,KARA,ASSOLI
RVKwUZsMZp,a171,t11,CENTRALE,SOTOUBOUA
vFZowziPWD,a167,t42,CENTRALE,TCHAMBA
HDZKodHwjE,a276,t22,CENTRALE,LACS
fddDfReEWS,a129,t84,KARA,WAWA
uTDSAZTKdw,a128,t28,MARITIME,MOYEN-MONO
bbULZsbSzH,a173,t56,PLATEAUX,LOME COMMUNE
UsFoBbrsvZ,a241,t32,MARITIME,OTI
olPjbxYqCi,a108,t58,KARA,WAWA
morcWCUlfv,a120,t86,MARITIME,KOZAH
ZdcogOJXCj,a154,t68,SAVANES,TCHAOUDJO
eVTooFqebg,a135,t66,CENTRALE,KLOTO
NaficwxEvQ,a180,t22,SAVANES,EST-MONO
xAdcnOwhDr,a124,t2,MARITIME,KPENDJAL-OUEST
ZIIBodTyZY,a131,t73,MARITIME,BAS-MONO
bPeTUFClFy,a21,t1,PLATEAUX,BASSAR
isjaYQNfQZ,a83,t33,KARA,EST-MONO
YXmUSbWjvq,a264,t80,CENTRALE,GOLFE
RDaOnaMCTV,a43,t7,SAVANES,KOZAH
kHvRKmzbkc,a123,t63,SAVANES,KPENDJAL
jZfnWkiaaa,a95,t69,KARA,VO
XXOsfAbtCm,a76,t5,PLATEAUX,LACS
EXIjNExlZx,a72,t42,PLATEAUX,KPENDJAL
rJWmXhJqHE,a186,t15,PLATEAUX,BASSAR
buwNyRhUpz,a58,t35,MARITIME,TONE
WkJLcgJayz,a293,t46,KARA,OTI-SUD
thYTDgQYkj,a47,t81,MARITIME,KPELE
YRQKqwqabJ,a279,t23,PLATEAUX,AKEBOU
lKzXyxgDhE,a198,t20,KARA,AGOU
ShqzWdRqPU,a256,t4,PLATEAUX,MOYEN-MONO
YosNCLWrFL,a233,t23,PLATEAUX,AMOU
LXVYpyEYdB,a87,t25,SAVANES,KPELE
vQSvXOABhG,a59,t46,CENTRALE,AGOE-NYIVE
XnMzZAZGDz,a8,t31,MARITIME,DANKPEN
yfsZRWrzFK,a258,t25,MARITIME,EST-MONO
WzwHpoldPp,a131,t18,SAVANES,TCHAMBA
VuJqFsGITK,a142,t11,CENTRALE,OTI
vXYTAznQFE,a79,t53,PLATEAUX,BASSAR
zgHOvuGdmZ,a195,t45,MARITIME,PLAINE DU MO
LuwPfazSuK,a34,t6,PLATEAUX,OTI
bkanszCcLO,a42,t20,CENTRALE,CINKASSE
ZBIrLOvJnR,a162,t5,KARA,OTI
tmRCipLLwy,a78,t67,SAVANES,AVE
KiPnIUXYqs,a67,t11,KARA,YOTO
GHLOeaybOH,a170,t44,KARA,DANKPEN
aNGoLSaKjJ,a169,t44,MARITIME,ANIE
YESMrTuLio,a196,t26,SAVANES,GOLFE
oHHeRbFfEv,a108,t85,SAVANES,DOUFELGOU
qInBkNuqie,a169,t56,MARITIME,MOYEN-MONO
wiBGamfrmV,a167,t80,MARITIME,OTI
AhgERedHbP,a208,t53,KARA,KPENDJAL-OUEST
fMbZlEGloj,a250,,MARITIME,KPENDJAL-OUEST
hZvsVsiGbO,a13,t37,PLATEAUX,EST-MONO
YTzSyOzNPv,a25,t46,SAVANES,AGOU
MuVQsFeMXi,a38,t11,SAVANES,KPENDJAL
hTYedXuVwS,a203,t64,SAVANES,EST-MONO
DJHvUTkzOX,a261,t99,PLATEAUX,AGOE-NYIVE
sAMKobgXOs,a242,t56,MARITIME,OTI
bFmbnJnppt,a92,t83,MARITIME,CINKASSE
uXsQsnpPzM,a295,t22,CENTRALE,LOME COMMUNE
vWVSNYxdLR,a73,t56,PLATEAUX,AMOU
cnvqhtEuSm,a14,t76,SAVANES,TANDJOARE
XiKpNMsHxn,a47,t74,CENTRALE,SOTOUBOUA
PJacssMYLF,a71,t71,CENTRALE,OTI-SUD
fgUGpjgzXk,a129,t36,PLATEAUX,DANYI
hqhkPOYdoU,a198,t50,PLATEAUX,TCHAOUDJO
cZzlioFPLu,a60,t31,MARITIME,DOUFELGOU
RztUEfmDrT,a231,t23,CENTRALE,BINAH
dBwyGrqwqo,a271,t28,SAVANES,AVE
vhiduYHhpg,a122,t0,CENTRALE,OTI
zvoiMpXZyl,a97,t39,PLATEAUX,ANIE
nSIOCKPYeU,a239,t61,KARA,ASSOLI
qabBOscpgy,a103,t32,SAVANES,YOTO
CXWDbkmAHO,a53,t66,SAVANES,BASSAR
MutXOBkUOR,a38,t58,KARA,DANKPEN
cyedGKnkBl,a49,t46,PLATEAUX,KOZAH
TmgDdRQKHP,a209,t79,MARITIME,ASSOLI
QJrdwAARWP,a186,t37,PLATEAUX,SOTOUBOUA
VLTcsprApa,a140,t53,MARITIME,LOME COMMUNE
jMFZqtHcGd,a75,t90,PLATEAUX,AVE
QGbYfjEEUN,a181,t88,MARITIME,AGOE-NYIVE
ixgtPfMtcF,a24,t33,MARITIME,KLOTO
GTSqfBzCft,a223,t34,PLATEAUX,MOYEN-MONO
HmXwlwGPuT,a22,t25,CENTRALE,ANIE
pRrFfpCclm,a109,t78,MARITIME,TCHAMBA
QOyKySZsjs,a161,t19,SAVANES,KPENDJAL
DWwcMYiSAE,a103,t83,CENTRALE,AMOU
oWIRERNFAd,a237,t52,CENTRALE,PLAINE DU MO
fVqkkxNHhG,a163,t75,MARITIME,HAHO
lsneLOyaWq,a250,t84,CENTRALE,TONE
lMZGCsCnsS,a173,t63,CENTRALE,PLAINE DU MO
DmqfqUBZnH,a264,t96,MARITIME,BASSAR
zLbZKTJNoS,a169,t79,KARA,DANYI
ZBBCMZtnxU,a234,t98,MARITIME,BINAH
cFVmHlnmfD,a142,t41,KARA,KPENDJAL
stHoeJDHYZ,a235,t38,MARITIME,BLITTA
vaPfhlRHRO,a62,t39,CENTRALE,KLOTO
AEKnAnngAv,a158,t6,SAVANES,KLOTO
otcUfMSjlb,a165,,MARITIME,CINKASSE
OOJalOIuJR,a97,t8,CENTRALE,BLITTA
aOhYpPjaRM,a109,t0,CENTRALE,ANIE
GKVUSaRkrA,a295,t87,MARITIME,TCHAOUDJO
SYqEzGJYTQ,a138,t42,CENTRALE,EST-MONO
lCOqTNPCFV,a67,t18,CENTRALE,AVE
DKPYCgMoYm,a54,t44,KARA,YOTO
dkhpNFwiHi,a77,t43,SAVANES,VO
OyPkMgUDbd,a122,t93,CENTRALE,HAHO
xeIoKirXzF,a173,t5,SAVANES,VO
ZUTGZZkcRe,a201,t2,MARITIME,KERAN
nzbNxqUCmo,a108,t62,MARITIME,LOME COMMUNE
YYDzPMCwaj,a123,t36,CENTRALE,DANKPEN
RcPCHnSiQK,a232,t94,MARITIME,TCHAMBA
hkKbrByhKB,a151,t59,MARITIME,SOTOUBOUA
RertEDlxad,a81,t83,KARA,AGOE-NYIVE
pjNKPqeNXC,a81,t19,MARITIME,MOYEN-MONO
hhxqWaWsLA,a32,t23,MARITIME,BAS-MONO
hApMdEppaa,a30,t30,CENTRALE,TONE
MYNZcwCcTX,a122,t17,SAVANES,SOTOUBOUA
yeCoCorNtH,a215,t98,CENTRALE,ZIO
ZJRzbwjYaM,a103,t39,PLATEAUX,TCHAMBA
RiIzqSwCTc,a165,t55,PLATEAUX,TANDJOARE
rFFUBynNSh,a194,t23,KARA,VO
TlftmPGtpA,a170,t16,PLATEAUX,WAWA
bctELoKLXw,a61,t9,KARA,DOUFELGOU
AjbaFCtcbJ,a274,t91,PLATEAUX,HAHO
iCaZZNPjzs,a173,t30,CENTRALE,DANYI
rlAEpTAdBW,a82,t48,KARA,KOZAH
usdHetXxKX,a241,t49,CENTRALE,ANIE
rtKKSILNGX,a296,t37,PLATEAUX,MOYEN-MONO
bNZOUWCToK,a295,t51,CENTRALE,AVE
NcLnQIbjfg,a280,t21,CENTRALE,MOYEN-MONO
oglAFNPvjT,a168,t0,MARITIME,HAHO
orztMoDwjO,a72,t31,CENTRALE,KLOTO
FotIRBcYnB,a260,t93,PLATEAUX,YOTO
MJzAYJaCaO,a29,t18,SAVANES,AVE
aYtLXfzBOE,a163,t39,MARITIME,DANYI
ktUwmfepNJ,a48,t44,SAVANES,KPELE
BbHMdMVjBs,a256,t49,PLATEAUX,VO
PGiqQSpzov,a135,t44,SAVANES,OTI
dIrNKTmhjQ,a265,t23,SAVANES,AGOE-NYIVE
ceziKFFyBN,a24,t36,KARA,AMOU
NFKHIoqbNt,a115,t81,CENTRALE,CINKASSE
YBBauxrJRx,a296,t89,MARITIME,KOZAH
eHvpkmFarn,a268,t69,CENTRALE,TANDJOARE
VtfVmimlyD,a27,t74,PLATEAUX,ANIE
yXjRpJynYk,a247,t85,PLATEAUX,TANDJOARE
UYzlVizviG,a64,t68,PLATEAUX,BINAH
FmfTITFelQ,a144,t61,PLATEAUX,CINKASSE
kcaFcvPYkG,a247,t43,CENTRALE,KOZAH
lLzPcXlvZa,a187,t46,SAVANES,SOTOUBOUA
zSGmxiFras,a218,t53,PLATEAUX,YOTO
tyCEirACrD,a95,t74,CENTRALE,BAS-MONO
TqESuDNBjJ,a37,t12,MARITIME,ZIO
aRdOKnlBvg,a167,t35,KARA,BINAH
RiBAkZqeyg,a279,t17,MARITIME,KPENDJAL
maNvjguwmL,a286,t11,SAVANES,LACS
kcPWkViWeQ,a191,t4,MARITIME,TCHAOUDJO
irDykfVNyX,a218,t87,MARITIME,TONE
rHrHUuinDi,a44,t26,SAVANES,OTI-SUD
SHqxJNJCYS,a16,t65,MARITIME,ASSOLI
QilpPuwazs,a187,t16,CENTRALE,DANYI
HbZYYBsKHV,a90,t75,CENTRALE,LACS
tbmSJSWtXZ,a119,t25,MARITIME,KPELE
eGwidYFuZD,a17,t63,CENTRALE,TCHAMBA
sRLqqorjkH,a230,t24,MARITIME,VO
bkaCprmYrV,a48,t16,CENTRALE,OTI
XUpEywbCRm,a262,t79,KARA,TONE
yedOtOyiOq,a204,t84,CENTRALE,AGOU
QOpgXgWkUp,a250,t56,SAVANES,OTI-SUD
iWxtzZgTKO,a253,t19,KARA,MOYEN-MONO
swDofCoafd,a194,t33,SAVANES,KLOTO
WSdMzvPJEp,a243,t65,PLATEAUX,AGOE-NYIVE
bQTArhpSSa,a163,t29,PLATEAUX,BAS-MONO
TpwIZgycjl,a172,t38,SAVANES,ANIE
TKiwZaGFEW,a246,t83,SAVANES,KERAN
nwucGHfJZc,a226,t53,SAVANES,ASSOLI
sRwkKszrXq,a0,t69,KARA,DANYI
QfCQVnESPU,a117,t91,PLATEAUX,EST-MONO
LVjvnofexE,a166,t64,SAVANES,ASSOLI
fxbDhUtQlR,a146,t19,SAVANES,KPELE
JIyRoxZbUh,a292,t54,CENTRALE,TCHAMBA
ZVMnbpzHXK,a117,t75,PLATEAUX,KPENDJAL
OsDFMmUika,a243,t69,MARITIME,KERAN
fxVlUDSPMc,a100,t70,MARITIME,KERAN
wcWAJmEhTe,a131,t93,SAVANES,AKEBOU
JgpavfITSP,a272,t99,MARITIME,VO
AedhWiaPqi,a86,t22,KARA,BINAH
MQhnpLSWmh,a21,t81,PLATEAUX,VO
eEZhgiwXcE,a112,t28,SAVANES,CINKASSE
eZdziMulBE,a33,t97,KARA,OTI-SUD
WGBmXsYiOj,a287,t73,MARITIME,TONE
BiNYEqkmfd,a166,t57,SAVANES,DANKPEN
wvwrbpEJYw,a71,t50,MARITIME,DANKPEN
iAqPrFZkVP,a101,t20,PLATEAUX,BINAH
PeusZvtMjk,a197,t29,CENTRALE,BLITTA
WkYMqONJIk,a102,t32,PLATEAUX,BINAH
whklOxazbO,a53,t43,CENTRALE,OGOU
EfhlWiPAUL,a268,t91,SAVANES,TONE
PkPjUYMjzx,a100,t47,SAVANES,BINAH
FSKqEXXvfu,a224,t46,PLATEAUX,BLITTA
VJFFcPyvny,a46,t57,MARITIME,DANYI
XgRToouYOC,a168,t79,SAVANES,DANKPEN
iTISiQNqAr,a273,t1,SAVANES,AVE
aTGHRQlzWn,a221,t12,PLATEAUX,TCHAOUDJO
xkThzuCDAY,a206,t39,MARITIME,ANIE
OFfrtJzcUq,a61,t19,KARA,KPENDJAL
EYCADfAwdo,a35,t55,CENTRALE,AGOE-NYIVE
ogRUjCsmuE,a227,t59,PLATEAUX,TONE
pXBbuWstRf,a159,t57,CENTRALE,AMOU
fBVtJIOofJ,a30,t66,KARA,LACS
SFVkVBNAYV,a176,t88,KARA,GOLFE
mfGbRxVwki,a30,t57,MARITIME,PLAINE DU MO
ReNRCDHcqZ,a96,t53,SAVANES,ASSOLI
iOqJrYhaSI,a224,t55,KARA,AGOU
fGfyHISsfA,a276,t2,SAVANES,PLAINE DU MO
tLpHgGzsBC,a118,t33,MARITIME,EST-MONO
tJVBJkAsIk,a35,t44,PLATEAUX,KLOTO
iymcIyjaKw,a73,t53,SAVANES,DOUFELGOU
FOnSzgkGYP,a184,t37,MARITIME,ASSOLI
SxikXNnsrf,a71,t62,CENTRALE,TONE
XDpdMRFttS,a195,t73,SAVANES,OTI-SUD
CCjaSRuFZy,a61,t60,PLATEAUX,TCHAMBA
HBIYQxNGSW,a226,t69,MARITIME,AVE
HNUqgHMcFA,a215,t72,CENTRALE,AVE
XUrMCSAQcl,a47,t86,SAVANES,YOTO
hIVnCXHYRu,a0,t82,PLATEAUX,SOTOUBOUA
mWmJFGtObp,a65,t12,MARITIME,DANKPEN
SZJTkHRajl,a127,t48,PLATEAUX,BINAH
DgMxmdyGUf,a277,t8,SAVANES,AMOU
HkWguDIfpS,a39,t83,KARA,CINKASSE
qHbCFZbeqv,a76,t64,CENTRALE,DANYI
WTcewrLxFS,a121,t26,SAVANES,OTI
TOuEAjDKAx,a168,t52,PLATEAUX,DANYI
KbnRaCwoPO,a77,t17,CENTRALE,AKEBOU
svuCPzHHDw,a83,t27,KARA,KPENDJAL
fEkXlLpsEx,a66,t42,KARA,BAS-MONO
nFeAuUzDCe,a78,t48,SAVANES,KPELE
lPJLmbcvMa,a249,t53,PLATEAUX,AGOE-NYIVE
YnVDmyOZKz,a278,t92,CENTRALE,WAWA
pRumlkWpLO,a125,t14,CENTRALE,AVE
yjDawEVIph,a141,t84,SAVANES,HAHO
dgNSPaSfTE,a109,t45,KARA,PLAINE DU MO
wVqnidxTXT,a15,t28,SAVANES,TCHAMBA
EYhApuDvLA,a166,t15,KARA,LACS
iUChnGHNvU,a89,t33,PLATEAUX,KERAN
fIZJVXncRk,a283,t89,PLATEAUX,VO
LSSEYqEagz,a176,t70,CENTRALE,VO
mVSMfLixNY,a143,t14,KARA,EST-MONO
vifDnMSCuh,a201,t90,KARA,AGOU
noMsyEpeco,a29,t79,MARITIME,KPENDJAL
JGPCbfDGes,a49,t65,CENTRALE,TCHAOUDJO
idRaVutnLw,a64,t13,CENTRALE,AGOE-NYIVE
UBBptmhiXi,a141,t26,PLATEAUX,DANYI
VjiPScBFGF,a111,t51,MARITIME,KPENDJAL
OBrvsvlwmE,a290,t23,KARA,KPELE
ZjWSSiDtdL,a131,t93,PLATEAUX,SOTOUBOUA
ehjWPxoldL,a92,t10,PLATEAUX,GOLFE
WVHwlmNkLa,a121,t72,MARITIME,AKEBOU
JvMaGtoVsW,a137,t51,CENTRALE,SOTOUBOUA
ybfXwoTOIB,a228,t29,MARITIME,MOYEN-MONO
qcskJLpqeJ,a294,t19,PLATEAUX,EST-MONO
BACHlCiCAb,a273,t2,PLATEAUX,TONE
czTZNuGAUb,a141,t36,KARA,BLITTA
UxAJkiBjlv,a115,t22,CENTRALE,DANKPEN
UsUqLqafHD,a265,t56,PLATEAUX,KPELE
JqcGbIMhFn,a25,t98,MARITIME,DOUFELGOU
dDsxIrEWmd,a57,t94,CENTRALE,VO
CzkSkJOneX,a209,t58,PLATEAUX,KOZAH
YtvkGlMWwe,a51,t21,KARA,KOZAH
JhVHCvTQWa,a197,t34,PLATEAUX,WAWA
vhQQkOYkyg,a111,t39,CENTRALE,KOZAH
OoiUuLBDLg,a248,t54,CENTRALE,BINAH
KQfUwIVvVV,a157,t28,SAVANES,AGOU
LpJzZrzCrS,a183,t11,SAVANES,BASSAR
iqgEhaVoXu,a122,t59,PLATEAUX,WAWA
ZuLaiYuunH,a10,t2,PLATEAUX,BLITTA
pIXwDvrwnG,a111,t3,PLATEAUX,ASSOLI
MeTEPQRzdm,a118,t86,SAVANES,ZIO
lrfyjRJVDe,a159,t10,SAVANES,ASSOLI
ZOLjLzXgtQ,a197,t27,MARITIME,BASSAR
kEPdsLrUmM,a175,t1,KARA,ZIO
RVogboTWCz,a176,t61,PLATEAUX,ZIO
YagmkwZKJE,a40,t70,MARITIME,VO
sBFhayyZHa,a153,t12,PLATEAUX,BAS-MONO
RTkddnKvSG,a72,t30,KARA,KPELE
XstqtfmwLR,a251,t67,SAVANES,ASSOLI
aMtpbeWdkc,a87,t79,CENTRALE,LOME COMMUNE
kPLmQfcQpz,a177,t61,CENTRALE,KPENDJAL
vLPMuPwesn,a122,t57,KARA,ZIO
SeqYxJSnsT,a88,t7,SAVANES,ZIO
pCfiQabAHL,a131,t42,MARITIME,PLAINE DU MO
FVNaHqwvlv,a280,t3,PLATEAUX,AKEBOU
NAbSoyFhvh,a20,t53,PLATEAUX,WAWA
bQXhpQtWNp,a215,t89,PLATEAUX,BINAH
laUkcybqhJ,a9,t12,KARA,ANIE
FuBhJGmXwd,a139,t99,CENTRALE,ASSOLI
DHgtnkLApc,a277,t74,SAVANES,BAS-MONO
invvrEGQVb,a87,t75,PLATEAUX,PLAINE DU MO
KbxhvMwzfe,a192,t59,PLATEAUX,BASSAR
FgfTesnjYL,a113,t34,SAVANES,ANIE
njIblDaQxo,a78,t69,MARITIME,TCHAMBA
FqzmWqeIBN,a87,t50,CENTRALE,TCHAOUDJO
oRdpGMZqVv,a86,t97,MARITIME,DOUFELGOU
xpeSzjfzvc,a210,t92,SAVANES,WAWA
zjKDESgBgP,a115,t21,KARA,AMOU
ruNGTTGsry,a42,t85,SAVANES,CINKASSE
oqYPyoLIda,a290,t75,MARITIME,TCHAMBA
HjHbCoMcrt,a251,t43,KARA,OTI
FanoFIBhck,a194,t3,MARITIME,AMOU
PDZFqfSCnw,a235,t84,CENTRALE,KERAN
PGROltGVku,a100,t6,MARITIME,CINKASSE
HwQqxNPTQK,a134,t1,SAVANES,GOLFE
QzTXATgcEd,a70,t65,SAVANES,BAS-MONO
PcqSMaYSbu,a130,t96,PLATEAUX,LOME COMMUNE
qCPWbXygQa,a132,t18,SAVANES,AMOU
HugrCcAxzg,a128,t53,PLATEAUX,MOYEN-MONO
UGDojtMoWq,a8,t7,SAVANES,AVE
bNhDNxmBoW,a151,t70,CENTRALE,OGOU
dRjgCnDfuC,a250,t46,PLATEAUX,BINAH
dSbpmigxHS,a143,,SAVANES,YOTO
vybkprKTvN,a11,t25,PLATEAUX,DANYI
tnJHBXEkFA,a239,t34,SAVANES,EST-MONO
wKAFYQUzPs,a115,t55,SAVANES,OTI-SUD
okVSvsHYTv,a53,t71,KARA,VO
ldesjNoHDj,a90,t63,PLATEAUX,DANKPEN
avrINItACP,a246,t94,PLATEAUX,CINKASSE
zIxnsQiuyY,a60,t11,MARITIME,KOZAH
YJYkzOBbqo,a253,t12,PLATEAUX,TCHAMBA
eWzgTtbsZd,a244,t49,SAVANES,TCHAOUDJO
DZrnxkCrGa,a166,t79,MARITIME,TCHAOUDJO
IcVOSRVSEB,a83,t67,SAVANES,KPENDJAL
RYePfXAeXq,a74,t54,PLATEAUX,LACS
HAuViSJSst,a47,t69,CENTRALE,ZIO
YhCoydLtxG,a5,t81,CENTRALE,TONE
PvvGKdxbUZ,a59,t41,CENTRALE,TANDJOARE
hAiLgrTSEW,a252,t31,CENTRALE,OTI-SUD
qlmeAxeFWJ,a235,t82,MARITIME,KPENDJAL
uFcmGgDnWx,a35,t33,MARITIME,TONE
nyeSlFHLXJ,a245,t73,KARA,BINAH
mMSHSilfqR,a268,t9,KARA,TCHAOUDJO
wmyAJISQoE,a144,t88,SAVANES,AGOU
wIqwZGAkRq,a265,t74,KARA,HAHO
JDLRYykUvZ,a231,t95,PLATEAUX,OTI
tCEjDGYMpP,a277,t1,MARITIME,AGOU
JEJagTmVmX,a67,t19,KARA,WAWA
xMrwhHCgcC,a50,t11,SAVANES,GOLFE
hxEJezKbVe,a53,t72,SAVANES,DANKPEN
cwpKFRUvkr,a220,t41,SAVANES,TONE
cprHaXwjPO,a167,t23,CENTRALE,KPELE
SPCbSYGqCR,a80,t35,PLATEAUX,TANDJOARE
AasVYySWrX,a130,t58,KARA,DOUFELGOU
CRBrRLxhvz,a286,t29,CENTRALE,BASSAR
PYhRrrqufn,a234,t14,CENTRALE,GOLFE
DYponYOtdu,a114,t1,CENTRALE,KOZAH
NtbwWxPCpd,a85,t49,MARITIME,YOTO
jTJlZyVkFP,a232,t94,KARA,OTI
UuwKOhOOEp,a175,t39,MARITIME,DANKPEN
IDWhVKjnxW,a235,t27,MARITIME,EST-MONO
qIiquzKsbI,a41,t57,CENTRALE,TCHAMBA
AxyvKBckMr,a41,t19,KARA,ASSOLI
VLDiQDZXWF,a207,t32,PLATEAUX,HAHO
DFnBUVeJwU,a44,t11,SAVANES,OTI-SUD
HojSyqGASE,a114,t51,MARITIME,AKEBOU
xceGzedNsY,a289,t87,MARITIME,ANIE
oxnZdbxnvn,a15,t85,CENTRALE,EST-MONO
vtGDCFMTlc,a27,t64,PLATEAUX,LOME COMMUNE
DmeZkMpElS,a293,t76,PLATEAUX,BINAH
RHwQjmZACX,a133,t60,CENTRALE,OGOU
lNHUBOgUUq,a34,t8,MARITIME,PLAINE DU MO
mSLozkLtyf,a111,t39,SAVANES,ZIO
AjjCWKeWXU,a87,t84,SAVANES,BLITTA
JshuzUxeoH,a104,t97,CENTRALE,AGOE-NYIVE
EjCJZeCefL,a218,t18,CENTRALE,BLITTA
EGEVAFOhDn,a125,t3,KARA,AGOU
MkJdKpHqVq,a245,t46,SAVANES,KERAN
OUrWUWrtPT,a180,t40,CENTRALE,GOLFE
cSHNJFyQnS,a88,t31,MARITIME,LACS
YmKryGrJKf,a258,t95,CENTRALE,KOZAH
AaKCsooJgY,a64,t42,SAVANES,GOLFE
LySPboXRJq,a73,t62,MARITIME,TANDJOARE
amzyXHglBx,a101,t23,MARITIME,AVE
tonLBGQuSV,a223,t16,PLATEAUX,AMOU
hueAPdgLdU,a159,t88,PLATEAUX,KERAN
wOAlyANdZh,a31,t31,PLATEAUX,AGOE-NYIVE
cMOknwOyzu,a295,t97,MARITIME,AMOU
sktMIFqsds,a14,t75,KARA,SOTOUBOUA
XKcjorfNRw,a2,t83,MARITIME,KLOTO
ROuebiUUVa,a47,t6,KARA,GOLFE
IVyaRiYjnT,a35,t18,PLATEAUX,DANKPEN
QsmkpTqIke,a32,t45,SAVANES,BAS-MONO
eFcLLNOkXl,a32,t64,PLATEAUX,SOTOUBOUA
LOaWMxZFCg,a245,t53,SAVANES,AVE
SAepputQIJ,a156,t85,CENTRALE,ASSOLI
IvBPPMxgyU,a219,t43,CENTRALE,KPELE
GtPzYvLGKa,a11,t50,PLATEAUX,AMOU
TTukgLnomN,a166,t42,KARA,AKEBOU
izSmTsWlnn,a16,t13,MARITIME,ASSOLI
StyaQWIxhf,a184,t7,KARA,PLAINE DU MO
vfIkaweSRw,a250,t0,SAVANES,OTI
xplsWnyETU,a137,t5,SAVANES,KPENDJAL
qMbaqKEvTx,a192,t13,CENTRALE,ASSOLI
WbnHoIFCmD,a211,t8,KARA,HAHO
DTuGRpTYSK,a282,t38,KARA,KPELE
XmyGROxnSY,a2,t66,CENTRALE,KOZAH
jEKQLrKUTH,a38,t59,PLATEAUX,WAWA
SkDpHjHaTE,a213,t97,SAVANES,AGOE-NYIVE
XIMdjewycb,a159,t66,CENTRALE,KPELE
JYTaDlyhoJ,a158,t5,MARITIME,YOTO
MUIjVCDoEa,a36,t25,PLATEAUX,ZIO
bPbNEGFKQC,a271,t88,CENTRALE,MOYEN-MONO
ozVYHgNCbA,a220,t6,MARITIME,MOYEN-MONO
cmYrrTfytC,a175,t15,CENTRALE,DANYI
UMzahSeHAN,a73,t74,PLATEAUX,KERAN
xxDSHSNyyP,a4,t59,PLATEAUX,AMOU
kKWOMygLJv,a43,t19,KARA,KPENDJAL-OUEST
JHtwryoVie,a112,t50,CENTRALE,GOLFE
VBmYQKZpes,a103,t22,PLATEAUX,KPENDJAL
QeJWGbxiIf,a239,t2,KARA,OGOU
NHDTQUpmZl,a274,t75,MARITIME,KOZAH
nykhjnYqIs,a112,t75,MARITIME,OGOU
tdquKTjSND,a59,t50,MARITIME,AKEBOU
gPWJPuaXKL,a285,t41,MARITIME,VO
MlWUJdevSL,a137,t8,KARA,CINKASSE
HzfbyeIhdX,a218,t47,KARA,PLAINE DU MO
HpuVGDEgpb,a228,t83,SAVANES,TCHAOUDJO
jxjpEIXJNY,a264,t27,CENTRALE,AGOE-NYIVE
CXRpRFmPNR,a142,t9,KARA,CINKASSE
gKEWhIgzeS,a87,t70,SAVANES,PLAINE DU MO
qIBIaIrwAT,a72,t18,SAVANES,VO
hpZYPsRKBb,a169,t78,KARA,AGOU
CSVicEEHdq,a30,t69,KARA,LOME COMMUNE
siAtejNJZH,a167,t61,MARITIME,OTI
sNYouVlOpa,a289,t83,KARA,ZIO
EfjymfRMbO,a74,t35,CENTRALE,PLAINE DU MO
tbDycaGhZM,a248,t35,MARITIME,TCHAOUDJO
SMuqSKCnZA,a19,t56,KARA,BAS-MONO
LOPoEfCCUP,a109,t53,SAVANES,AGOU
SykhnUuOiy,a253,t22,KARA,GOLFE
cbtvbzbRWh,a234,t13,CENTRALE,KERAN
RMAAkWOEls,a128,t48,PLATEAUX,HAHO
QAINcQAElG,a113,t21,KARA,SOTOUBOUA
cTTmiuNsBv,a229,t7,PLATEAUX,DANYI
GAVHmzoRVT,a69,t6,KARA,KOZAH
YPFpQtnbtY,a178,t77,CENTRALE,KPELE
QVPqLwIIAe,a123,t28,PLATEAUX,AKEBOU
VWAZXcxOwE,a18,t43,PLATEAUX,LACS
vvwEzIfGpP,a68,t84,KARA,YOTO
pLeFzUJMnH,a195,t70,SAVANES,DANYI
HTNQoGUbGf,a107,t97,SAVANES,OTI-SUD
qQxTrHqklY,a74,t28,PLATEAUX,PLAINE DU MO
RPsTwWPpbu,a183,t73,KARA,KPENDJAL
OFvNEylNLu,a65,t89,SAVANES,LACS
CRNlPblBMx,a209,t6,SAVANES,BASSAR
fIEKotAegd,a108,t53,CENTRALE,KPENDJAL
nAHGdwJcGB,a176,t13,MARITIME,GOLFE
prxHvLSySc,a118,t72,SAVANES,WAWA
itEXCvgIqG,a260,t54,CENTRALE,BASSAR
friQLpxJvN,a50,t89,CENTRALE,OTI-SUD
VRuawWxKPq,a184,t50,KARA,ZIO
qCmErGAHbD,a166,t48,PLATEAUX,TCHAMBA
SRIctANnOU,a138,t38,KARA,YOTO
NWzJeACtDf,a222,t57,KARA,DOUFELGOU
RBDklSsXkt,a245,t34,KARA,AVE
uXZrufHOmE,a152,t68,SAVANES,OTI
rWDwpQNHgI,a167,t65,SAVANES,AVE
OEnehPWWpZ,a58,t51,PLATEAUX,WAWA
ogoxnXYWfc,a183,t24,SAVANES,VO
IPAwGBQiRC,a0,t85,CENTRALE,DANYI
DwekpsiydK,a38,t47,SAVANES,SOTOUBOUA
vikIMTVuec,a85,t38,CENTRALE,SOTOUBOUA
OBlBgGgjAW,a223,t84,SAVANES,YOTO
HYvKBZhHtl,a201,t38,CENTRALE,AVE
qKhUVcTwow,a262,t31,PLATEAUX,KERAN
cnJoUiEYVM,a285,t78,KARA,TCHAOUDJO
HjAIMyVzrh,a105,t78,KARA,WAWA
NfhDWwJCLO,a156,t8,SAVANES,DOUFELGOU
GjGNnFAHAd,a41,t36,SAVANES,AKEBOU
asTXooIIOV,a103,t95,MARITIME,BLITTA
EejkBiuisA,a220,t72,PLATEAUX,YOTO
IwcANTpStb,a24,t37,SAVANES,GOLFE
rjLtlefVRU,a110,t77,KARA,BASSAR
iZOtVYroJd,a217,t34,KARA,BASSAR
IneeuwqmOb,a197,t39,KARA,DANYI
NVsOXrSKam,a143,t19,CENTRALE,DANYI
TWTZnhNORc,a227,t67,KARA,KPENDJAL
QMwkYDHkof,a46,t31,CENTRALE,KPENDJAL-OUEST
UyJLCDWzzs,a275,t70,SAVANES,AKEBOU
LIjXuoqhUZ,a83,t64,MARITIME,BLITTA
KwueEyygvj,a74,t55,MARITIME,AMOU
JFGTpSDaMr,a226,t59,KARA,BASSAR
RommLgqVgK,a243,t56,PLATEAUX,WAWA
oPbUuvHBgi,a140,t26,PLATEAUX,SOTOUBOUA
iVZgDwcEYU,a250,t89,PLATEAUX,DOUFELGOU
SWrVGAUaYc,a49,t77,MARITIME,WAWA
ipXQWkpeZu,a215,t30,PLATEAUX,BLITTA
RnckHGrMqL,a92,t52,SAVANES,WAWA
IdYycyWmjl,a78,t88,SAVANES,KPELE
hjUBijNMcB,a107,t31,KARA,KPENDJAL-OUEST
jcdTKCpPut,a2,t83,KARA,BAS-MONO
amMBDBUUvV,a224,t43,SAVANES,KPENDJAL
EqZlVNJYoJ,a130,t0,CENTRALE,AMOU
rGFlLwfpcW,a276,t51,CENTRALE,TCHAOUDJO
xYCPtUqRwb,a56,t10,MARITIME,DANYI
sscGOWmTcr,a105,t72,KARA,ASSOLI
yURSuqrHbG,a37,t39,CENTRALE,OGOU
pUGyOhdpWf,a26,t76,SAVANES,MOYEN-MONO
UMmZwrOlGa,a149,t13,SAVANES,TCHAOUDJO
FxJBErMcuY,a259,t69,SAVANES,KERAN
YKlPrpQthI,a190,t69,PLATEAUX,LACS
UNxAVraCBK,a9,t49,SAVANES,KERAN
lILvNwZpJg,a156,t11,PLATEAUX,AKEBOU
ojehpQgSrl,a262,t12,PLATEAUX,DANYI
rvbTpoDiTG,a124,t59,SAVANES,AVE
uEJURlyyEs,a172,t13,PLATEAUX,TANDJOARE
lBbneyUdpV,a239,t89,SAVANES,KPENDJAL
HFuHhFZxEg,a195,t31,MARITIME,OTI-SUD
ANZEnbkmQy,a160,t19,PLATEAUX,AMOU
neJCYZVDLo,a69,t25,SAVANES,PLAINE DU MO
CWEaPfsxDd,a90,t64,SAVANES,OGOU
AaJProAtlR,a15,t86,MARITIME,TCHAMBA
ZCYZHbOtBQ,a220,t66,MARITIME,LACS
VqGWSxnoSB,a16,t18,KARA,WAWA
VHyEqlVDQc,a23,t86,PLATEAUX,WAWA
hNKyGUZvKP,a103,t91,KARA,EST-MONO
UBjPeHTMSJ,a143,t99,CENTRALE,KERAN
OtFfOxcGMu,a4,t98,MARITIME,ASSOLI
NbmtdveYjH,a165,t98,MARITIME,KERAN
aIxMhEdgXW,a241,t36,SAVANES,KPENDJAL-OUEST
oIbyXYpcAp,a63,t48,CENTRALE,KPENDJAL
ewpFeeyUAI,a60,t14,KARA,ANIE
BYchYSyqVC,a177,t40,KARA,OGOU
yrwaiovMsf,a267,t45,MARITIME,BINAH
AGdRPdgtbK,a23,t78,KARA,KOZAH
NDRsXwCDrr,a81,t63,KARA,KOZAH
KqKCqetlbu,a12,t0,PLATEAUX,LOME COMMUNE
RMiAgtyKvN,a184,t54,PLATEAUX,DANYI
asoyxgYQhT,a28,t20,MARITIME,ZIO
JyGYBsSFuk,a291,t84,KARA,BINAH
DgENjcsCZV,a208,t23,KARA,OTI-SUD
jtZLvPHdNE,a144,t55,CENTRALE,BAS-MONO
eZKTVgnWxe,a134,t59,KARA,TCHAOUDJO
byiPUgprau,a21,t40,KARA,HAHO
BvnGJfecWV,a34,t37,CENTRALE,OGOU
dsBHAdXrrk,a170,t2,PLATEAUX,DANYI
sJvqRmcCAo,a35,t34,KARA,VO
mJCEfixAoh,a234,t69,MARITIME,ZIO
dEEDaoEdqe,a243,t43,MARITIME,VO
OVOmVmrpdy,a282,t90,MARITIME,YOTO
CQEXACWfyh,a244,t40,MARITIME,KPENDJAL-OUEST
MRjyzbOAfJ,a74,t83,PLATEAUX,ZIO
FrrrxNmrzF,a194,t60,PLATEAUX,KOZAH
HAfyJgJWGA,a205,t45,PLATEAUX,OTI
jxCkQxbZYq,a52,t18,SAVANES,BINAH
CcQXgNmxnD,a164,t68,KARA,EST-MONO
kwklCJIDlS,a223,t26,CENTRALE,OGOU
frZikyfXNP,a175,t60,MARITIME,KPENDJAL
AlmSecyCrd,a197,t45,PLATEAUX,TONE
qyrGItXtmT,a34,t58,SAVANES,AVE
XXnmAmCasu,a288,t23,CENTRALE,BASSAR
TQzbSOuJSc,a146,t1,SAVANES,BASSAR
DuzPHbeKFW,a91,t40,PLATEAUX,KPENDJAL-OUEST
wATbXpdAyK,a201,t13,CENTRALE,BINAH
pRVQmupfbd,a104,t77,MARITIME,TCHAMBA
sPogoJYZEX,a12,t62,KARA,BASSAR
CmrbaxcQph,a57,t51,SAVANES,TCHAMBA
QLznuiBdoY,a2,t94,CENTRALE,WAWA
FWxsvobejh,a290,t47,MARITIME,KLOTO
wTBCLBAKSO,a246,t61,MARITIME,AGOU
FtMfdJnLrr,a80,t57,PLATEAUX,AKEBOU
oGBBNprFLK,a66,t64,MARITIME,YOTO
PcgWjDADaz,a238,t97,PLATEAUX,GOLFE
vAwnWzAdpz,a71,t23,KARA,KLOTO
rQQsMfPgER,a237,t1,CENTRALE,CINKASSE
giGYPsFMLe,a270,t2,CENTRALE,AKEBOU
ZzzawbmNfk,a58,t67,MARITIME,AGOE-NYIVE
sZtcVQzuVc,a173,t83,CENTRALE,WAWA
YUOLwOzwDb,a245,t4,SAVANES,ANIE
iLroMLiXNJ,a82,t8,MARITIME,OTI
NJqmUyFOdx,a52,t77,CENTRALE,LOME COMMUNE
dxCiYsgQro,a242,t14,KARA,EST-MONO
JWtZEHrWsR,a105,t13,PLATEAUX,BASSAR
mVhYNnciWW,a153,t98,KARA,TONE
QvkeuBfZDR,a47,t6,CENTRALE,DOUFELGOU
oSbAqwiOsw,a167,,CENTRALE,ANIE
qsjAsuFOgs,a83,t95,MARITIME,KLOTO
HbZFZzkRjc,a163,t68,KARA,BINAH
SwTJzGoKSI,a290,t97,PLATEAUX,TCHAMBA
JBdasUrdZZ,a24,t86,MARITIME,OGOU
dVEHKVyueo,a61,,MARITIME,ANIE
BQtMZqAokF,a114,t28,PLATEAUX,OGOU
lbEQqdiMiQ,a148,t73,MARITIME,LOME COMMUNE
GZzKgIdsLS,a72,t34,CENTRALE,KPELE
QtpFCmMrGc,a55,t83,SAVANES,AGOE-NYIVE
TWRFrKNwqy,a15,t58,CENTRALE,OTI-SUD
WVGemlXQsX,a191,t48,KARA,BASSAR
dyrrCwCdEP,a155,t9,CENTRALE,LACS
FUSzvJPVFA,a89,t14,MARITIME,BLITTA
SIoXRhfTSW,a71,t31,SAVANES,OGOU
TiwIWgxNDk,a96,t24,MARITIME,VO
lejpdItlwH,a188,t24,CENTRALE,OTI
IcBmDOrMRa,a207,t22,SAVANES,TONE
VaPxXuuWtZ,a246,t74,CENTRALE,YOTO
xnTULXdbpd,a121,t25,CENTRALE,BLITTA
ZldclfuucE,a135,t19,MARITIME,VO
JNywlwyguE,a165,t96,MARITIME,AKEBOU
MpwIsPXoSC,a75,t74,PLATEAUX,ASSOLI
TWqJpGQpuk,a73,t61,CENTRALE,DANYI
MmIxVLmHhY,a63,t85,MARITIME,AGOE-NYIVE
WqKloEOPlw,a39,t7,PLATEAUX,YOTO
sbMMRXHWlA,a115,t53,SAVANES,AGOU
tJJxMfkxYb,a14,t88,CENTRALE,MOYEN-MONO
dJSvXqUVSY,a278,t61,CENTRALE,AGOE-NYIVE
SsxfAtMPUp,a154,t75,CENTRALE,HAHO
lwjEmkzQNj,a15,t68,SAVANES,ASSOLI
BgBqtHgCwv,a81,t17,PLATEAUX,LACS
AaawEhhIRa,a126,t43,SAVANES,OTI-SUD
GsggmfMRqV,a253,t28,MARITIME,DOUFELGOU
GSjJugXCaq,a154,t17,KARA,LOME COMMUNE
XtBzsiKfOs,a88,t52,MARITIME,BASSAR
bMEhEdHvEx,a160,t48,KARA,HAHO
tEjmXNzgIf,a107,t91,PLATEAUX,KPENDJAL
nTcayLUbsO,a153,t94,MARITIME,TCHAMBA
djdQkxVwqo,a60,t59,MARITIME,YOTO
vwAsfYMwAB,a5,t21,SAVANES,KLOTO
leRJogPPnD,a255,t86,KARA,KLOTO
dGfPySamIT,a117,t71,SAVANES,EST-MONO
oWFozltJyI,a229,t92,SAVANES,SOTOUBOUA
YYuFHpXvOR,a243,t9,SAVANES,OTI
tJGNHwzslg,a266,t10,CENTRALE,ASSOLI
gghKDooQRp,a225,t20,SAVANES,GOLFE
DxByldiJlV,a257,t83,KARA,KPELE
KbUQFLqqFj,a56,t15,KARA,DANKPEN
XzHqYYZkNc,a122,t46,PLATEAUX,BINAH
rVDjYOUCiZ,a91,t38,MARITIME,AKEBOU
gvsutalzBt,a277,t19,MARITIME,HAHO
qtfZpgkkow,a165,t60,PLATEAUX,MOYEN-MONO
MVTAtjawTk,a220,t6,KARA,VO
FZwYwVYWzf,a270,t23,PLATEAUX,TONE
FXlARdgXWR,a142,t31,SAVANES,KPELE
WxccJpAylz,a173,t91,SAVANES,KPENDJAL
kKNTKcBBIF,a86,t0,KARA,SOTOUBOUA
EDCeUWZAJH,a77,t83,KARA,OGOU
vAkPBPIwhF,a199,t71,MARITIME,BASSAR
wtLahGMgBA,a105,t9,PLATEAUX,KLOTO
MyKGMoJmhB,a190,t67,MARITIME,DANYI
bWwiWnpWxs,a42,t65,CENTRALE,AMOU
IqWgKhGyju,a146,t2,CENTRALE,OTI-SUD
yBJaOlsnOW,a123,t65,KARA,TCHAOUDJO
WnhvhYvsWV,a75,t47,PLATEAUX,AKEBOU
CsMFeQoaLM,a268,t86,KARA,ANIE
JUHkrKtOLf,a28,t25,KARA,BAS-MONO
HdAIRIgWMB,a173,t19,CENTRALE,AGOU
rCLoXTUsJK,a120,t4,PLATEAUX,DANYI
APlaUZaAhr,a278,t52,SAVANES,CINKASSE
YhaWUvKAwO,a76,t70,CENTRALE,ZIO
hvbvXyyZQE,a184,t4,MARITIME,AKEBOU
XFhWegeEzL,a86,t22,CENTRALE,KPENDJAL-OUEST
MQHEOdAbZm,a147,t62,MARITIME,AGOU
WLjpZNuKnx,a126,t59,SAVANES,DANKPEN
SfYYdhfojI,a254,t40,SAVANES,TONE
yTuipTWBjt,a216,t69,CENTRALE,KPENDJAL-OUEST
dYwshzRseD,a219,,KARA,KOZAH
TNXtnfRBDx,a168,t70,SAVANES,KPELE
ytrjMrxzlO,a107,t23,SAVANES,BAS-MONO
ylDYDoPtpT,a254,t76,KARA,AKEBOU
DUdjnoVbNZ,a118,t31,KARA,OTI-SUD
lpAchcvhBO,a2,t99,SAVANES,KPENDJAL
PWbKsnVcyQ,a8,t99,CENTRALE,TONE
GpIDnOEdYH,a203,,MARITIME,DANYI
BTzVOXUmtE,a199,t58,CENTRALE,HAHO
AMhiFaRiXH,a29,t27,SAVANES,TONE
BPZdpnMrQX,a223,t72,PLATEAUX,DANYI
UeuReFqmqD,a191,t30,CENTRALE,HAHO
jHONfpPRYZ,a269,t18,MARITIME,KLOTO
xyMDNoyanA,a291,t56,MARITIME,KLOTO
TFuBnkwrMZ,a61,t44,KARA,BINAH
NaiBOdAXsp,a155,t36,MARITIME,BASSAR
uqloFKfVPJ,a133,t59,KARA,WAWA
UFJrnDyCIk,a48,t88,PLATEAUX,AMOU
SkbPdFPpRl,a164,t56,PLATEAUX,CINKASSE
wsWDzKQWnF,a210,,SAVANES,AGOE-NYIVE
sPDEWSCsKe,a67,t83,MARITIME,DOUFELGOU
TyWCGdMdAM,a294,t56,SAVANES,EST-MONO
GtIDsRFBJR,a18,t1,PLATEAUX,AGOU
IelBpMhHEF,a71,t48,SAVANES,ZIO
WRFtJAqJHm,a181,t8,SAVANES,KLOTO
YeTLsGkHWx,a271,t54,KARA,AGOU
ndiLZkxcOB,a52,t23,PLATEAUX,BAS-MONO
kLllsfyBzV,a174,t93,KARA,DANKPEN
FmeGrkvLDt,a225,t53,MARITIME,LACS
bONpclnWek,a53,t70,SAVANES,KERAN
duBcEisEsj,a3,t23,SAVANES,TCHAOUDJO
YagnyvHJUh,a152,t42,KARA,OTI-SUD
kNflXMaRCt,a171,t68,SAVANES,ZIO
pSwWTbHbug,a154,t61,SAVANES,SOTOUBOUA
blEUAqlsRX,a1,t30,SAVANES,TCHAOUDJO
mJWGtFIzUT,a254,t72,MARITIME,KERAN
hQKKOGXvLu,a262,t26,MARITIME,BASSAR
BWACTSbnDT,a274,t35,MARITIME,ZIO
tOcJrDRvkO,a34,t88,MARITIME,BAS-MONO
utnMALLASm,a31,t94,PLATEAUX,KLOTO
FoVXqPnuHd,a51,t21,SAVANES,KERAN
PbRfzosOyI,a36,t60,SAVANES,CINKASSE
NbhVeyXgWq,a127,t32,MARITIME,BINAH
MUtBQpFQRw,a254,t90,KARA,KPELE
KndCfBRhIJ,a136,t86,CENTRALE,ANIE
NkMsjHibBf,a2,t18,KARA,TCHAMBA
tmsNSVtcYF,a275,t9,SAVANES,OGOU
ZISgJQTIYe,a222,t29,PLATEAUX,BINAH
RVqdDcQCth,a75,t74,MARITIME,OGOU
IDphzsEknT,a281,t30,KARA,TANDJOARE
wzNphlhEzM,a207,t58,MARITIME,CINKASSE
HWtrxWlsRj,a190,t39,KARA,LOME COMMUNE
yNvBZLSwky,a204,t94,SAVANES,KLOTO
rJAPaflfZw,a47,t25,CENTRALE,VO
CRClDwftom,a78,t73,CENTRALE,HAHO
uILoiTaVlc,a31,t73,PLATEAUX,KLOTO
TzgNxHLklN,a251,t53,PLATEAUX,TCHAOUDJO
EXcbIHRxSP,a33,t75,PLATEAUX,LOME COMMUNE
irrIGcmOTM,a171,t77,KARA,SOTOUBOUA
UUXpmppfzo,a254,t60,MARITIME,AMOU
OWDaxBbECr,a9,t26,CENTRALE,GOLFE
IJhqDwilXs,a127,t99,PLATEAUX,AMOU
AwzYubLqXX,a239,t6,CENTRALE,ZIO
NJcBmmHgZl,a184,t84,PLATEAUX,EST-MONO
rirPasZoWz,a214,t67,SAVANES,AGOU
XOSvLGIFrh,a46,t77,KARA,DOUFELGOU
qyCjOyGFVC,a250,t33,KARA,TCHAOUDJO
KyrhQLqNPz,a165,t91,CENTRALE,ANIE
JCOKHWhNCl,a292,t51,PLATEAUX,KPELE
ygMEXUQDbn,a138,t36,PLATEAUX,TONE
DJbXtdBIln,a103,t33,MARITIME,KPELE
GqfQcmUGER,a50,t83,PLATEAUX,KPENDJAL
AOKYtuwRQi,a173,t40,MARITIME,ASSOLI
GudMukUipk,a35,t13,KARA,ASSOLI
mIchMaqvWj,a7,t64,KARA,KPENDJAL
lynuPtHkoS,a242,t51,MARITIME,OTI
YGYcLsXFRt,a129,t73,MARITIME,OTI-SUD
lCziTEfqUQ,a230,t6,SAVANES,ASSOLI
qVBxYOXntk,a3,t56,MARITIME,WAWA
gmVWRqBoQV,a189,t21,CENTRALE,TCHAOUDJO
aTYHkibWJz,a134,t59,CENTRALE,TONE
UhEPUfBRmg,a36,t30,SAVANES,YOTO
WLLHViBXaK,a84,t45,CENTRALE,KPELE
AASxnSdfla,a234,t68,SAVANES,EST-MONO
NPeDljvYMx,a81,t57,SAVANES,SOTOUBOUA
yRADykVpRf,a143,t19,SAVANES,KLOTO
zJBJiicWQP,a227,t82,PLATEAUX,DANYI
DqAbgayQaH,a171,t31,SAVANES,DANYI
XrjUlgrTZi,a57,t70,SAVANES,MOYEN-MONO
uqeBjOfSVz,a235,t60,MARITIME,ZIO
aIAqzmDCXE,a125,t75,SAVANES,BASSAR
AsvtszbEnV,a250,t33,PLATEAUX,KOZAH
fnmFFTzlpW,a195,t17,SAVANES,KOZAH
XCFXXkOFDC,a238,t78,MARITIME,GOLFE
ApDvhzOUJr,a46,t96,MARITIME,TCHAOUDJO
tPzDNhtjKq,a242,t0,SAVANES,DOUFELGOU
GZoAMDsevu,a258,t82,SAVANES,TCHAOUDJO
oXDALOBqfk,a256,t41,CENTRALE,TANDJOARE
WgMwBmzvJI,a81,t67,SAVANES,AKEBOU
gheZLWoinq,a18,t85,SAVANES,DANKPEN
mCndLeBGMM,a173,t62,PLATEAUX,TANDJOARE
tbQleqKEbx,a193,,MARITIME,TCHAMBA
zeBKFbSiTi,a112,t34,CENTRALE,OTI
dGesslJJdz,a283,t24,SAVANES,GOLFE
fWextEzdas,a224,t97,MARITIME,YOTO
yiJQHqojhy,a83,t72,CENTRALE,TANDJOARE
KyAZnzyoVg,a20,t12,MARITIME,BLITTA
ZEyRMTfnfu,a224,t50,PLATEAUX,MOYEN-MONO
wInDWSpydA,a43,t63,SAVANES,BINAH
feaEGENFKe,a84,t64,SAVANES,MOYEN-MONO
TyojoQrkXf,a11,t33,KARA,LOME COMMUNE
pvMOTvkwXO,a226,t59,MARITIME,AGOE-NYIVE
sSFBDlDpaF,a218,t35,KARA,LOME COMMUNE
uBfDcSdVgQ,a100,t19,SAVANES,HAHO
VgzPqPFQUJ,a293,t6,CENTRALE,EST-MONO
jePMLdZOxZ,a88,t23,SAVANES,OGOU
YdgolrVLkw,a172,t96,SAVANES,BAS-MONO
